year,b011,f112,f115,f13,f23,f410,f4102,f416,f53,b031,b052,b056,f114,f212,f221,f411,f415,f419,f51,f52,f211,f4101,f510
1998.0,10297373,228195.0,235611.0,545783.0,369748.0,1711.0,1483.0,-9024.0,4736.0,,,,,,,,,,,,,,
1998.0,10297377,704.0,610.0,2936.0,489.0,0.0,0.0,160.0,0.0,,,,,,,,,,,,,,
1998.0,10297379,71.0,16487.0,16607.0,15460.0,30.0,29.0,1074.0,462.0,,,,,,,,,,,,,,
1998.0,10297382,2084.0,7671.0,23815.0,2635.0,3.0,-3.0,-6.0,105.0,,,,,,,,,,,,,,
1998.0,10297384,5920.0,52408.0,218639.0,133025.0,7331.0,7322.0,-2295.0,0.0,,,,,,,,,,,,,,
1998.0,10297387,2520.0,3598.0,5440.0,4207.0,20.0,-2.0,-519.0,160.0,,,,,,,,,,,,,,
1998.0,10297389,14433.0,32902.0,43244.0,38866.0,174.0,0.0,57.0,0.0,,,,,,,,,,,,,,
1998.0,10297390,0.0,35660.0,71250.0,33407.0,14.0,0.0,2231.0,470.0,,,,,,,,,,,,,,
1998.0,10297392,0.0,292.0,4332.0,1577.0,32.0,0.0,-5.0,0.0,,,,,,,,,,,,,,
1998.0,10297393,18723.0,39282.0,214182.0,47321.0,390.0,1127.0,-17542.0,2887.0,,,,,,,,,,,,,,
1998.0,10297395,467.0,1766.0,6876.0,372.0,-10.0,-10.0,350.0,3.0,,,,,,,,,,,,,,
1998.0,10297398,99132.0,223045.0,447705.0,40184.0,1849.0,1170.0,56486.0,21145.0,,,,,,,,,,,,,,
1998.0,10297399,1751.0,5898.0,8328.0,6512.0,-7.0,-7.0,-1536.0,567.0,,,,,,,,,,,,,,
1998.0,10297400,1223.0,12719.0,14575.0,11147.0,397.0,0.0,-168.0,0.0,,,,,,,,,,,,,,
1998.0,10297401,110.0,180.0,1830.0,4047.0,230.0,1.0,151.0,481.0,,,,,,,,,,,,,,
1998.0,10297404,9720.0,13637.0,21313.0,1457.0,0.0,0.0,-225.0,0.0,,,,,,,,,,,,,,
1998.0,10297405,76.0,126.0,1087.0,252.0,0.0,0.0,952.0,0.0,,,,,,,,,,,,,,
1998.0,10297406,482.0,8350.0,12198.0,7533.0,-1.0,-1.0,-39.0,41.0,,,,,,,,,,,,,,
1998.0,10297412,876.0,2215.0,3997.0,797.0,10.0,0.0,94.0,0.0,,,,,,,,,,,,,,
1998.0,10297413,32541.0,119582.0,205637.0,35426.0,-1247.0,-1247.0,-5866.0,333.0,,,,,,,,,,,,,,
1998.0,10297414,1855.0,3000.0,4390.0,1466.0,2.0,0.0,1028.0,809.0,,,,,,,,,,,,,,
1998.0,10297415,0.0,1797.0,2726.0,1421.0,0.0,0.0,30.0,2.0,,,,,,,,,,,,,,
1998.0,10297416,7118.0,15186.0,16579.0,7981.0,-22.0,0.0,198.0,0.0,,,,,,,,,,,,,,
1998.0,10297417,614.0,1338.0,2195.0,820.0,1.0,0.0,55.0,0.0,,,,,,,,,,,,,,
1998.0,10297419,2256.0,2534.0,2798.0,1178.0,-4.0,-4.0,-31.0,0.0,,,,,,,,,,,,,,
1998.0,10297421,1077.0,6627.0,6803.0,6619.0,-6.0,-1.0,187.0,377.0,,,,,,,,,,,,,,
1998.0,10297428,0.0,23650.0,55290.0,14500.0,1101.0,466.0,1349.0,0.0,,,,,,,,,,,,,,
1998.0,10297432,65.0,13809.0,17957.0,8940.0,32.0,30.0,-656.0,91.0,,,,,,,,,,,,,,
1998.0,10297439,317.0,1387.0,3261.0,472.0,152.0,148.0,56.0,113.0,,,,,,,,,,,,,,
1998.0,10297440,366.0,1638.0,2698.0,904.0,0.0,0.0,-184.0,0.0,,,,,,,,,,,,,,
1998.0,10297446,0.0,5000.0,6500.0,14460.0,0.0,0.0,300.0,400.0,,,,,,,,,,,,,,
1998.0,10297451,0.0,0.0,0.0,0.0,0.0,0.0,0.0,0.0,,,,,,,,,,,,,,
1998.0,10297452,7384.0,77115.0,214900.0,58906.0,-941.0,-1065.0,-5937.0,0.0,,,,,,,,,,,,,,
1998.0,10297453,0.0,0.0,37239.0,24566.0,0.0,0.0,0.0,0.0,,,,,,,,,,,,,,
1998.0,10297456,10218.0,14212.0,19625.0,13776.0,1103.0,162.0,47.0,100.0,,,,,,,,,,,,,,
1998.0,10297457,0.0,52000.0,71966.0,7238.0,191.0,-32.0,522.0,0.0,,,,,,,,,,,,,,
1998.0,10297460,3116.0,3976.0,12430.0,2758.0,3.0,0.0,30.0,0.0,,,,,,,,,,,,,,
1998.0,10297463,892.0,1985.0,4923.0,1202.0,7.0,0.0,196.0,0.0,,,,,,,,,,,,,,
1998.0,10297464,8029.0,8029.0,14310.0,8964.0,-114.0,0.0,-222.0,0.0,,,,,,,,,,,,,,
1998.0,10297467,669.0,4492.0,7484.0,1098.0,30.0,-5.0,147.0,0.0,,,,,,,,,,,,,,
1998.0,10297470,476.0,5376.0,6314.0,4087.0,657.0,492.0,672.0,733.0,,,,,,,,,,,,,,
1998.0,10297472,953.0,7293.0,15394.0,2153.0,3.0,0.0,341.0,0.0,,,,,,,,,,,,,,
1998.0,10297474,18898.0,32728.0,49924.0,20330.0,332.0,0.0,19.0,0.0,,,,,,,,,,,,,,
1998.0,10297479,25163.0,44574.0,71183.0,60773.0,816.0,0.0,405.0,464.0,,,,,,,,,,,,,,
1998.0,10297480,2768.0,8801.0,20920.0,2616.0,-13.0,-14.0,250.0,336.0,,,,,,,,,,,,,,
1998.0,10297482,6002.0,11340.0,16851.0,9219.0,52.0,0.0,142.0,0.0,,,,,,,,,,,,,,
1998.0,10001328,2358.0,13749.0,31957.0,13431.0,209.0,209.0,3198.0,0.0,,,,,,,,,,,,,,
1998.0,10002332,6061.0,21959.0,31924.0,24422.0,530.0,530.0,2022.0,0.0,,,,,,,,,,,,,,
1998.0,10001240,0.0,0.0,0.0,0.0,0.0,0.0,0.0,0.0,,,,,,,,,,,,,,
1998.0,10003258,0.0,0.0,0.0,0.0,0.0,0.0,0.0,0.0,,,,,,,,,,,,,,
1998.0,10000771,0.0,0.0,0.0,0.0,0.0,0.0,0.0,0.0,,,,,,,,,,,,,,
1998.0,10003283,259.0,207767.0,265156.0,198061.0,614.0,590.0,511.0,0.0,,,,,,,,,,,,,,
1998.0,10003277,17781.0,128273.0,171222.0,107862.0,-1931.0,-1931.0,800.0,0.0,,,,,,,,,,,,,,
1998.0,10004032,8.0,110489.0,310137.0,1142214.0,100.0,0.0,2500.0,0.0,,,,,,,,,,,,,,
1998.0,10001480,33311.0,261221.0,754819.0,270918.0,345.0,345.0,539.0,127.0,,,,,,,,,,,,,,
1998.0,10004433,4319.0,115076.0,164302.0,141247.0,1360.0,1356.0,374.0,320.0,,,,,,,,,,,,,,
1998.0,10004309,0.0,0.0,0.0,0.0,0.0,0.0,0.0,0.0,,,,,,,,,,,,,,
1998.0,10000847,5879.0,95213.0,210432.0,108957.0,1559.0,1559.0,118.0,3408.0,,,,,,,,,,,,,,
1998.0,10241466,0.0,0.0,0.0,0.0,0.0,0.0,0.0,0.0,,,,,,,,,,,,,,
1998.0,10000772,35252.0,183735.0,541437.0,73616.0,4428.0,4428.0,8007.0,88859.0,,,,,,,,,,,,,,
1998.0,10007148,1706530.0,6524520.0,20232200.0,11024840.0,260550.0,265260.0,246990.0,641990.0,,,,,,,,,,,,,,
1998.0,10000963,1184821.0,6169346.0,25981470.0,25981470.0,532182.0,524717.0,70524.0,489069.0,,,,,,,,,,,,,,
1998.0,10000683,0.0,69424.0,1123483.0,40760.0,126.0,100.0,308800.0,18926.0,,,,,,,,,,,,,,
1998.0,10001439,68379.0,555391.0,921813.0,606979.0,7817.0,7771.0,1406.0,10239.0,,,,,,,,,,,,,,
1998.0,10000760,26060.0,48646.0,107245.0,32223.0,1722.0,0.0,-1264.0,1977.0,,,,,,,,,,,,,,
1998.0,10001094,24.0,4474.0,4819.0,1197.0,71.0,70.0,130.0,243.0,,,,,,,,,,,,,,
1998.0,10003963,277.0,1340.0,1331.0,887.0,50.0,0.0,5.0,37.0,,,,,,,,,,,,,,
1998.0,10003972,448.0,1705.0,1741.0,1043.0,0.0,0.0,5.0,27.0,,,,,,,,,,,,,,
1998.0,10003946,79.0,1036.0,2507.0,2067.0,-1.0,-1.0,-24.0,83.0,,,,,,,,,,,,,,
1998.0,10003218,59.0,2904.0,4027.0,1164.0,14.0,14.0,-119.0,21.0,,,,,,,,,,,,,,
1998.0,10003357,262.0,5679.0,8322.0,0.0,40.0,0.0,-110.0,500.0,,,,,,,,,,,,,,
1998.0,10000879,927.0,1758.0,2129.0,1396.0,32.0,32.0,165.0,195.0,,,,,,,,,,,,,,
1998.0,10003952,1233.0,4762.0,5368.0,4126.0,275.0,272.0,1243.0,484.0,,,,,,,,,,,,,,
1998.0,10003951,7534.0,13295.0,18334.0,11984.0,-17.0,-17.0,602.0,1011.0,,,,,,,,,,,,,,
1998.0,10001973,0.0,3173.0,17161.0,13677.0,-24.0,-33.0,2.0,0.0,,,,,,,,,,,,,,
1998.0,10002020,114.0,155633.0,260086.0,95307.0,-4512.0,-4512.0,49286.0,10506.0,,,,,,,,,,,,,,
1998.0,10002160,877.0,1257.0,1468.0,316.0,12.0,0.0,108.0,94.0,,,,,,,,,,,,,,
1998.0,10002223,1423.0,5321.0,5915.0,4306.0,-8.0,-8.0,-164.0,273.0,,,,,,,,,,,,,,
1998.0,10002173,0.0,1350.0,1433.0,1417.0,30.0,0.0,-380.0,40.0,,,,,,,,,,,,,,
1998.0,10004394,18142.0,35879.0,89045.0,26719.0,1746.0,1733.0,10395.0,6333.0,,,,,,,,,,,,,,
1998.0,10004494,2182.0,5013.0,11424.0,7299.0,-17.0,-18.0,1577.0,927.0,,,,,,,,,,,,,,
1998.0,10004290,120.0,3290.0,3725.0,2136.0,106.0,106.0,89.0,230.0,,,,,,,,,,,,,,
1998.0,10004235,741.0,3612.0,6105.0,9459.0,200.0,200.0,-1073.0,70.0,,,,,,,,,,,,,,
1998.0,10006706,4.0,0.0,0.0,0.0,0.0,0.0,3.0,58.0,,,,,,,,,,,,,,
1998.0,10006708,343.0,465.0,465.0,319.0,0.0,0.0,60.0,22.0,,,,,,,,,,,,,,
1998.0,10006711,0.0,191.0,275.0,53.0,0.0,0.0,16.0,61.0,,,,,,,,,,,,,,
1998.0,10003112,279.0,1050.0,1221.0,667.0,31.0,31.0,-15.0,134.0,,,,,,,,,,,,,,
1998.0,10001214,0.0,550.0,1718.0,1657.0,29.0,0.0,-125.0,15.0,,,,,,,,,,,,,,
1998.0,10000762,21.0,1248.0,1335.0,770.0,0.0,0.0,86.0,71.0,,,,,,,,,,,,,,
1998.0,10001215,904.0,7480.0,11970.0,3765.0,0.0,-17.0,-606.0,634.0,,,,,,,,,,,,,,
1998.0,10000918,269.0,3052.0,6573.0,4156.0,50.0,46.0,-492.0,41.0,,,,,,,,,,,,,,
1998.0,10002294,352.0,1693.0,2505.0,441.0,0.0,0.0,129.0,258.0,,,,,,,,,,,,,,
1998.0,10002394,3174.0,15987.0,29770.0,23764.0,360.0,360.0,-3929.0,262.0,,,,,,,,,,,,,,
1998.0,10001011,7527.0,28341.0,36790.0,27602.0,1833.0,1824.0,395.0,3715.0,,,,,,,,,,,,,,
1998.0,10241858,5.0,1169.0,1323.0,677.0,-5.0,-5.0,-29.0,42.0,,,,,,,,,,,,,,
1998.0,10241460,515.0,12533.0,13248.0,12418.0,-34.0,-34.0,9.0,77.0,,,,,,,,,,,,,,
1998.0,10241334,0.0,0.0,0.0,0.0,0.0,0.0,0.0,0.0,,,,,,,,,,,,,,
1998.0,10241347,120.0,6864.0,8710.0,6580.0,0.0,-9.0,-79.0,317.0,,,,,,,,,,,,,,
1998.0,10242015,5992.0,12598.0,24757.0,11531.0,693.0,656.0,3970.0,779.0,,,,,,,,,,,,,,
1998.0,10004246,2496.0,4167.0,4658.0,4658.0,46.0,0.0,338.0,0.0,,,,,,,,,,,,,,
1998.0,10002949,10.0,190.0,241.0,89.0,0.0,0.0,-5.0,4.0,,,,,,,,,,,,,,
1998.0,10241943,1893.0,335.0,1082.0,2321.0,0.0,0.0,-640.0,430.0,,,,,,,,,,,,,,
1998.0,10001507,0.0,0.0,0.0,0.0,0.0,0.0,0.0,0.0,,,,,,,,,,,,,,
1998.0,10002226,0.0,1671.0,2333.0,913.0,0.0,-3.0,325.0,259.0,,,,,,,,,,,,,,
1998.0,10001194,715.0,5154.0,17273.0,12302.0,647.0,647.0,-4395.0,446.0,,,,,,,,,,,,,,
1998.0,10006523,0.0,0.0,0.0,0.0,0.0,0.0,0.0,0.0,,,,,,,,,,,,,,
1998.0,10006522,0.0,0.0,0.0,0.0,0.0,0.0,0.0,0.0,,,,,,,,,,,,,,
1998.0,10241709,0.0,0.0,0.0,0.0,0.0,0.0,0.0,0.0,,,,,,,,,,,,,,
1998.0,10317958,0.0,0.0,0.0,0.0,0.0,0.0,0.0,0.0,,,,,,,,,,,,,,
1998.0,10318946,0.0,0.0,0.0,0.0,0.0,0.0,0.0,0.0,,,,,,,,,,,,,,
1998.0,10001003,1424.0,9877.0,18432.0,22038.0,718.0,709.0,-1784.0,303.0,,,,,,,,,,,,,,
1998.0,10003219,2800.0,5790.0,13300.0,8389.0,310.0,310.0,-740.0,550.0,,,,,,,,,,,,,,
1998.0,10002548,441.0,2009.0,4373.0,3747.0,268.0,268.0,-336.0,95.0,,,,,,,,,,,,,,
1998.0,10003280,0.0,6867.0,8119.0,0.0,190.0,0.0,463.0,8719.0,,,,,,,,,,,,,,
1998.0,10242138,53.0,3954.0,5817.0,2909.0,-7.0,-7.0,-526.0,86.0,,,,,,,,,,,,,,
1998.0,10003490,538.0,344.0,4216.0,351.0,0.0,0.0,208.0,250.0,,,,,,,,,,,,,,
1998.0,10004374,21.0,2178.0,2287.0,2062.0,0.0,0.0,190.0,107.0,,,,,,,,,,,,,,
1998.0,10007117,0.0,2060.0,11449.0,10716.0,-25.0,-25.0,84.0,1175.0,,,,,,,,,,,,,,
1998.0,10005454,42877.0,88236.0,135608.0,60936.0,2930.0,2457.0,4323.0,11946.0,,,,,,,,,,,,,,
1998.0,10005196,0.0,0.0,0.0,0.0,0.0,0.0,0.0,0.0,,,,,,,,,,,,,,
1998.0,10005152,4158.0,65326.0,67130.0,64980.0,1951.0,1945.0,-3579.0,1883.0,,,,,,,,,,,,,,
1998.0,10002210,2506.0,45795.0,264726.0,225672.0,3132.0,3132.0,0.0,1653.0,,,,,,,,,,,,,,
1998.0,10004236,5019.0,36358.0,76701.0,63797.0,0.0,-275.0,0.0,0.0,,,,,,,,,,,,,,
1998.0,10004284,613.0,38339.0,169865.0,151999.0,6241.0,6219.0,-8994.0,4897.0,,,,,,,,,,,,,,
1998.0,10001176,12952.0,35477.0,179539.0,186623.0,3239.0,3239.0,-9997.0,499.0,,,,,,,,,,,,,,
1998.0,10002981,0.0,0.0,0.0,0.0,0.0,0.0,0.0,0.0,,,,,,,,,,,,,,
1998.0,10003039,1476.0,9084.0,13598.0,4563.0,-21.0,-21.0,10.0,640.0,,,,,,,,,,,,,,
1998.0,10241601,1016.0,5557.0,6731.0,4052.0,89.0,89.0,169.0,309.0,,,,,,,,,,,,,,
1998.0,10242170,8231.0,32375.0,83210.0,70410.0,3638.0,3631.0,-5495.0,3350.0,,,,,,,,,,,,,,
1998.0,10241430,2522.0,20946.0,33617.0,24023.0,573.0,573.0,-2134.0,212.0,,,,,,,,,,,,,,
1998.0,10241425,833.0,2736.0,6612.0,3846.0,25.0,4.0,-530.0,61.0,,,,,,,,,,,,,,
1998.0,10242270,0.0,0.0,0.0,0.0,0.0,0.0,0.0,0.0,,,,,,,,,,,,,,
1998.0,10242040,19324.0,44879.0,61012.0,35193.0,1130.0,1715.0,-2769.0,26.0,,,,,,,,,,,,,,
1998.0,10241307,1793.0,4282.0,5759.0,4092.0,78.0,-7.0,2.0,293.0,,,,,,,,,,,,,,
1998.0,10241523,0.0,0.0,0.0,0.0,0.0,0.0,0.0,0.0,,,,,,,,,,,,,,
1998.0,10241526,0.0,0.0,0.0,0.0,0.0,0.0,0.0,0.0,,,,,,,,,,,,,,
1998.0,10241541,5982.0,9427.0,10812.0,8908.0,358.0,300.0,213.0,13.0,,,,,,,,,,,,,,
1998.0,10241865,17116.0,41814.0,60498.0,17603.0,302.0,366.0,13398.0,4922.0,,,,,,,,,,,,,,
1998.0,10241529,439.0,1386.0,1749.0,319.0,-117.0,-58.0,507.0,261.0,,,,,,,,,,,,,,
1998.0,10241863,0.0,0.0,0.0,0.0,0.0,0.0,0.0,0.0,,,,,,,,,,,,,,
1998.0,10241497,27716.0,48298.0,331495.0,83497.0,3053.0,3497.0,-2090.0,11564.0,,,,,,,,,,,,,,
1998.0,10242474,2390.0,4350.0,10069.0,4065.0,19.0,16.0,-13.0,78.0,,,,,,,,,,,,,,
1998.0,10318034,13466.0,84461.0,570594.0,447252.0,8256.0,8224.0,-12955.0,1939.0,,,,,,,,,,,,,,
1998.0,10003189,34113.0,123815.0,307472.0,226555.0,8054.0,8036.0,26.0,8195.0,,,,,,,,,,,,,,
1998.0,10003196,0.0,0.0,0.0,0.0,0.0,0.0,0.0,0.0,,,,,,,,,,,,,,
1998.0,10317506,0.0,131315.0,244789.0,217390.0,9479.0,9479.0,-8982.0,7763.0,,,,,,,,,,,,,,
1998.0,10515949,2908.0,74235.0,102927.0,92522.0,5690.0,5686.0,-7809.0,2118.0,,,,,,,,,,,,,,
1998.0,10515410,139483.0,429358.0,1188224.0,995309.0,32099.0,32080.0,1209.0,14216.0,,,,,,,,,,,,,,
1998.0,10004229,2569.0,51032.0,84923.0,68082.0,28.0,16.0,0.0,0.0,,,,,,,,,,,,,,
1998.0,10004639,10038.0,165774.0,438821.0,422180.0,1339.0,1339.0,2.0,485.0,,,,,,,,,,,,,,
1998.0,10515547,239.0,23324.0,186935.0,106148.0,367.0,357.0,0.0,28.0,,,,,,,,,,,,,,
1998.0,10005153,9338.0,69358.0,306806.0,326686.0,9755.0,9822.0,-12966.0,537.0,,,,,,,,,,,,,,
1998.0,10004637,0.0,0.0,0.0,0.0,0.0,0.0,0.0,0.0,,,,,,,,,,,,,,
1998.0,10002418,21990.0,90310.0,178806.0,163788.0,6180.0,6147.0,0.0,1886.0,,,,,,,,,,,,,,
1998.0,10002144,0.0,0.0,0.0,0.0,0.0,0.0,0.0,0.0,,,,,,,,,,,,,,
1998.0,10001120,606.0,3076.0,5879.0,3683.0,-5.0,-5.0,154.0,282.0,,,,,,,,,,,,,,
1998.0,10001126,0.0,0.0,0.0,0.0,0.0,0.0,0.0,0.0,,,,,,,,,,,,,,
1998.0,10003868,0.0,419.0,1106.0,608.0,-2.0,0.0,-13.0,113.0,,,,,,,,,,,,,,
1998.0,10000728,6038.0,14050.0,54911.0,38025.0,1014.0,1014.0,150.0,2134.0,,,,,,,,,,,,,,
1998.0,10000843,8887.0,67458.0,208848.0,114384.0,-1554.0,-1554.0,405.0,3089.0,,,,,,,,,,,,,,
1998.0,10002217,611.0,2000.0,51192.0,11131.0,541.0,541.0,800.0,727.0,,,,,,,,,,,,,,
1998.0,10002215,0.0,0.0,0.0,0.0,0.0,0.0,0.0,0.0,,,,,,,,,,,,,,
1998.0,10002214,210.0,679.0,2619.0,923.0,1.0,-1.0,102.0,191.0,,,,,,,,,,,,,,
1998.0,10002550,114.0,2771.0,6340.0,2005.0,-178.0,-37.0,695.0,424.0,,,,,,,,,,,,,,
1998.0,10001451,1303.0,10610.0,39273.0,16822.0,947.0,947.0,360.0,2531.0,,,,,,,,,,,,,,
1998.0,10003062,0.0,60.0,2303.0,1420.0,9.0,9.0,-18.0,350.0,,,,,,,,,,,,,,
1998.0,10309837,82.0,853.0,2418.0,791.0,16.0,-3.0,-31.0,0.0,,,,,,,,,,,,,,
1998.0,10241320,3220.0,17402.0,52728.0,17182.0,578.0,569.0,-2881.0,1710.0,,,,,,,,,,,,,,
1998.0,10309848,2156.0,4427.0,9634.0,887.0,-12.0,0.0,-743.0,756.0,,,,,,,,,,,,,,
1998.0,10241977,330.0,3549.0,19039.0,6598.0,199.0,197.0,-2603.0,243.0,,,,,,,,,,,,,,
1998.0,10241922,27.0,1226.0,9425.0,1494.0,-3.0,0.0,-623.0,205.0,,,,,,,,,,,,,,
1998.0,10242299,94.0,12834.0,52312.0,15194.0,1373.0,1373.0,-449.0,844.0,,,,,,,,,,,,,,
1998.0,10516214,0.0,0.0,0.0,0.0,0.0,0.0,0.0,0.0,,,,,,,,,,,,,,
1998.0,10001346,7765.0,21356.0,102469.0,47276.0,2209.0,2209.0,2348.0,3003.0,,,,,,,,,,,,,,
1998.0,10000881,6085.0,25835.0,85436.0,43383.0,1979.0,1979.0,2300.0,2691.0,,,,,,,,,,,,,,
1998.0,10001115,259.0,4014.0,16354.0,5531.0,-31.0,-26.0,107.0,142.0,,,,,,,,,,,,,,
1998.0,10004656,0.0,0.0,0.0,0.0,0.0,0.0,0.0,0.0,,,,,,,,,,,,,,
1998.0,10001509,0.0,17.0,36.0,29.0,0.0,0.0,31.0,3.0,,,,,,,,,,,,,,
1998.0,10000975,0.0,0.0,0.0,0.0,0.0,0.0,0.0,0.0,,,,,,,,,,,,,,
1998.0,10002026,304.0,730.0,818.0,274.0,-3.0,-3.0,221.0,694.0,,,,,,,,,,,,,,
1998.0,10002023,2733.0,3482.0,3921.0,638.0,-5.0,0.0,87.0,878.0,,,,,,,,,,,,,,
1998.0,10001872,258485.0,1703244.0,2170380.0,1254652.0,54567.0,54432.0,58996.0,54368.0,,,,,,,,,,,,,,
1998.0,10002056,0.0,223.0,223.0,143.0,0.0,0.0,20.0,55.0,,,,,,,,,,,,,,
1998.0,10004149,965.0,2209.0,8661.0,1497.0,-13.0,0.0,-172.0,700.0,,,,,,,,,,,,,,
1998.0,10004073,134.0,1933.0,8609.0,7804.0,-6.0,0.0,-7.0,46.0,,,,,,,,,,,,,,
1998.0,10006647,0.0,0.0,0.0,0.0,0.0,0.0,0.0,0.0,,,,,,,,,,,,,,
1998.0,10241332,3168.0,33751.0,44972.0,40411.0,-91.0,0.0,964.0,797.0,,,,,,,,,,,,,,
1998.0,10242788,0.0,0.0,0.0,0.0,0.0,0.0,0.0,0.0,,,,,,,,,,,,,,
1998.0,10000930,0.0,0.0,0.0,0.0,0.0,0.0,0.0,0.0,,,,,,,,,,,,,,
1998.0,10241762,0.0,0.0,0.0,0.0,0.0,0.0,0.0,0.0,,,,,,,,,,,,,,
1998.0,10001969,0.0,0.0,0.0,0.0,0.0,0.0,0.0,0.0,,,,,,,,,,,,,,
1998.0,10241409,2215.0,16623.0,19593.0,13612.0,847.0,845.0,94.0,400.0,,,,,,,,,,,,,,
1998.0,10001334,67.0,5475.0,15363.0,11252.0,551.0,551.0,37.0,498.0,,,,,,,,,,,,,,
1998.0,10001778,7.0,4164.0,10385.0,4235.0,27.0,27.0,200.0,316.0,,,,,,,,,,,,,,
1998.0,10309935,0.0,27258.0,83304.0,47967.0,1504.0,1475.0,1581.0,700.0,,,,,,,,,,,,,,
1998.0,10001162,895.0,7959.0,19585.0,12801.0,618.0,618.0,150.0,11.0,,,,,,,,,,,,,,
1998.0,10007599,3082.0,10261.0,26324.0,4846.0,-34.0,-34.0,122.0,1426.0,,,,,,,,,,,,,,
1998.0,10242113,264.0,17804.0,22107.0,14269.0,451.0,451.0,1797.0,1137.0,,,,,,,,,,,,,,
1998.0,10005598,0.0,0.0,0.0,0.0,0.0,0.0,0.0,0.0,,,,,,,,,,,,,,
1998.0,10002040,231.0,4280.0,7794.0,4840.0,158.0,158.0,12.0,554.0,,,,,,,,,,,,,,
1998.0,10001489,2451.0,24541.0,42660.0,35445.0,1490.0,1500.0,6.0,0.0,,,,,,,,,,,,,,
1998.0,10318016,1648.0,28716.0,47250.0,24206.0,335.0,335.0,401.0,1999.0,,,,,,,,,,,,,,
1998.0,10001832,56.0,17887.0,29438.0,22598.0,944.0,944.0,-398.0,36.0,,,,,,,,,,,,,,
1998.0,10242786,0.0,0.0,0.0,0.0,0.0,0.0,0.0,0.0,,,,,,,,,,,,,,
1998.0,10003407,12226.0,46187.0,118180.0,73158.0,4.0,2218.0,0.0,0.0,,,,,,,,,,,,,,
1998.0,10001441,356927.0,1419669.0,2799917.0,2660087.0,4970.0,3915.0,-70558.0,4292.0,,,,,,,,,,,,,,
1998.0,10241926,4512.0,8794.0,20754.0,9955.0,-12.0,-12.0,-1900.0,332.0,,,,,,,,,,,,,,
1998.0,10003701,359.0,3215.0,4107.0,2251.0,33.0,32.0,-100.0,98.0,,,,,,,,,,,,,,
1998.0,10000825,70006.0,179132.0,255623.0,163222.0,7346.0,7346.0,5000.0,3604.0,,,,,,,,,,,,,,
1998.0,10001335,0.0,0.0,0.0,0.0,0.0,0.0,0.0,0.0,,,,,,,,,,,,,,
1998.0,10001436,35772.0,128957.0,262639.0,170899.0,9614.0,9612.0,-1700.0,212.0,,,,,,,,,,,,,,
1998.0,10242260,0.0,0.0,0.0,0.0,0.0,0.0,0.0,0.0,,,,,,,,,,,,,,
1998.0,10001326,14841.0,74946.0,98007.0,30008.0,1156.0,1156.0,200.0,1075.0,,,,,,,,,,,,,,
1998.0,10001182,1800.0,11675.0,19744.0,9353.0,203.0,202.0,98.0,807.0,,,,,,,,,,,,,,
1998.0,10001267,6398.0,32635.0,39055.0,24779.0,368.0,353.0,99.0,366.0,,,,,,,,,,,,,,
1998.0,10241444,1274.0,6824.0,7885.0,2608.0,69.0,66.0,449.0,620.0,,,,,,,,,,,,,,
1998.0,10241470,4879.0,9072.0,18029.0,6619.0,69.0,68.0,754.0,996.0,,,,,,,,,,,,,,
1998.0,10000952,0.0,0.0,0.0,0.0,0.0,0.0,0.0,0.0,,,,,,,,,,,,,,
1998.0,10241321,3914.0,19591.0,21844.0,8968.0,-97.0,-97.0,362.0,959.0,,,,,,,,,,,,,,
1998.0,10000785,8057.0,57615.0,112928.0,91555.0,66.0,65.0,-5999.0,0.0,,,,,,,,,,,,,,
1998.0,10002851,27522.0,56715.0,97399.0,86342.0,299.0,299.0,1.0,307.0,,,,,,,,,,,,,,
1998.0,10000786,11581.0,49539.0,114919.0,99162.0,1409.0,1409.0,-6283.0,431.0,,,,,,,,,,,,,,
1998.0,10001453,63958.0,478736.0,845711.0,297449.0,8932.0,8932.0,8106.0,14241.0,,,,,,,,,,,,,,
1998.0,10000810,15162.0,41244.0,131030.0,143158.0,-23.0,-23.0,-7000.0,0.0,,,,,,,,,,,,,,
1998.0,10003286,19986.0,93792.0,168303.0,132463.0,486.0,486.0,1.0,328.0,,,,,,,,,,,,,,
1998.0,10003678,273.0,26194.0,46912.0,29410.0,-1.0,0.0,-115.0,400.0,,,,,,,,,,,,,,
1998.0,10000854,28552.0,175742.0,302871.0,235352.0,9972.0,9972.0,0.0,334.0,,,,,,,,,,,,,,
1998.0,10241338,28.0,15394.0,19168.0,1830.0,52.0,-46.0,7651.0,1613.0,,,,,,,,,,,,,,
1998.0,10242141,15605.0,61815.0,68248.0,44394.0,1423.0,1406.0,650.0,2019.0,,,,,,,,,,,,,,
1998.0,10004900,82967.0,115581.0,193153.0,142279.0,5507.0,5507.0,512.0,6591.0,,,,,,,,,,,,,,
1998.0,10001168,5207.0,96969.0,259861.0,139211.0,2073.0,1527.0,0.0,501.0,,,,,,,,,,,,,,
1998.0,10000784,59527.0,304848.0,474023.0,331433.0,3595.0,3593.0,1231.0,7030.0,,,,,,,,,,,,,,
1998.0,10001887,60705.0,437959.0,588937.0,438980.0,1287.0,1062.0,289.0,8932.0,,,,,,,,,,,,,,
1998.0,10000809,2627.0,398217.0,1371535.0,279545.0,7331.0,7298.0,5083.0,8216.0,,,,,,,,,,,,,,
1998.0,10241446,33821.0,115559.0,208132.0,132352.0,2782.0,2687.0,314.0,4289.0,,,,,,,,,,,,,,
1998.0,10241370,19037.0,46502.0,54965.0,36714.0,143.0,89.0,2100.0,1380.0,,,,,,,,,,,,,,
1998.0,10004164,0.0,0.0,0.0,0.0,0.0,0.0,0.0,0.0,,,,,,,,,,,,,,
1998.0,10000743,5173.0,77628.0,229506.0,200139.0,5068.0,5064.0,-18862.0,170.0,,,,,,,,,,,,,,
1998.0,10006435,59232.0,169543.0,265706.0,226706.0,6207.0,6207.0,-8480.0,3484.0,,,,,,,,,,,,,,
1998.0,10241911,2836.0,23057.0,60231.0,36987.0,238.0,238.0,-1873.0,0.0,,,,,,,,,,,,,,
1998.0,10005179,0.0,0.0,0.0,0.0,0.0,0.0,0.0,0.0,,,,,,,,,,,,,,
1998.0,10001140,19959.0,47317.0,90589.0,63052.0,3506.0,3506.0,151.0,1211.0,,,,,,,,,,,,,,
1998.0,10002234,3618.0,39238.0,60787.0,18862.0,-118.0,-118.0,1.0,278.0,,,,,,,,,,,,,,
1998.0,10241383,0.0,0.0,0.0,0.0,0.0,0.0,1510.0,0.0,,,,,,,,,,,,,,
1998.0,10000758,33616.0,55731.0,98285.0,59542.0,373.0,373.0,156.0,1463.0,,,,,,,,,,,,,,
1998.0,10001442,3133.0,102886.0,251401.0,178063.0,1229.0,1229.0,-8995.0,1315.0,,,,,,,,,,,,,,
1998.0,10000836,605745.0,1142444.0,1632353.0,1175425.0,31553.0,31525.0,3202.0,39079.0,,,,,,,,,,,,,,
1998.0,10001329,254746.0,430515.0,660227.0,492445.0,9872.0,9872.0,7570.0,22553.0,,,,,,,,,,,,,,
1998.0,10309798,0.0,0.0,0.0,0.0,0.0,0.0,0.0,0.0,,,,,,,,,,,,,,
1998.0,10000861,25156.0,63721.0,129242.0,60726.0,2762.0,2762.0,7.0,1409.0,,,,,,,,,,,,,,
1998.0,10000848,15350.0,55285.0,146012.0,108586.0,80.0,77.0,-9695.0,329.0,,,,,,,,,,,,,,
1998.0,10001113,0.0,0.0,0.0,0.0,0.0,0.0,0.0,0.0,,,,,,,,,,,,,,
1998.0,10242053,2516.0,10430.0,11082.0,6445.0,-41.0,-30.0,584.0,0.0,,,,,,,,,,,,,,
1998.0,10001641,3572.0,16016.0,21011.0,17804.0,185.0,159.0,-685.0,0.0,,,,,,,,,,,,,,
1998.0,10000866,81490.0,197091.0,293669.0,187864.0,7043.0,7039.0,108.0,2959.0,,,,,,,,,,,,,,
1998.0,10242327,63247.0,109564.0,159661.0,83892.0,2957.0,2594.0,7847.0,7781.0,,,,,,,,,,,,,,
1998.0,10000858,69043.0,106750.0,156430.0,128487.0,6415.0,6411.0,163.0,3391.0,,,,,,,,,,,,,,
1998.0,10000814,14400.0,68129.0,134228.0,115892.0,1310.0,1310.0,-3930.0,1539.0,,,,,,,,,,,,,,
1998.0,10001640,15965.0,26583.0,41537.0,29745.0,360.0,358.0,1.0,934.0,,,,,,,,,,,,,,
1998.0,10238023,48941.0,365298.0,646523.0,240745.0,-1071.0,-1446.0,5015.0,3000.0,,,,,,,,,,,,,,
1998.0,10001033,1373336.0,9905649.0,36707118.0,19004539.0,965497.0,965065.0,336514.0,1137534.0,,,,,,,,,,,,,,
1998.0,10004976,0.0,1211.0,268.0,918.0,34.0,34.0,-207.0,4.0,,,,,,,,,,,,,,
1998.0,10004887,640567.0,1493040.0,2899702.0,1837396.0,12415.0,23847.0,56629.0,66836.0,,,,,,,,,,,,,,
1998.0,10004919,0.0,0.0,0.0,0.0,0.0,0.0,0.0,0.0,,,,,,,,,,,,,,
1998.0,10004965,0.0,0.0,0.0,0.0,0.0,0.0,0.0,0.0,,,,,,,,,,,,,,
1998.0,10004890,0.0,951.0,1628.0,1924.0,0.0,0.0,-186.0,2.0,,,,,,,,,,,,,,
1998.0,10004889,62.0,1816.0,2166.0,2166.0,-11.0,0.0,52.0,27.0,,,,,,,,,,,,,,
1998.0,10004955,136.0,1300.0,1733.0,1591.0,1.0,0.0,263.0,0.0,,,,,,,,,,,,,,
1998.0,10004952,22.0,2052.0,2337.0,2132.0,-1.0,0.0,3.0,2.0,,,,,,,,,,,,,,
1998.0,10006969,0.0,0.0,0.0,0.0,0.0,0.0,0.0,0.0,,,,,,,,,,,,,,
1998.0,10004933,53.0,3077.0,3464.0,2437.0,0.0,0.0,7.0,108.0,,,,,,,,,,,,,,
1998.0,10241796,0.0,4948.0,10051.0,2093.0,-131.0,0.0,2056.0,546.0,,,,,,,,,,,,,,
1998.0,10001646,37958.0,279044.0,541316.0,468976.0,27658.0,27658.0,-21065.0,1975.0,,,,,,,,,,,,,,
1998.0,10000859,3946.0,55960.0,134123.0,96225.0,3258.0,3258.0,4430.0,1860.0,,,,,,,,,,,,,,
1998.0,10003447,780.0,46548.0,97389.0,60093.0,-7.0,0.0,0.0,178.0,,,,,,,,,,,,,,
1998.0,10001496,2330.0,219547.0,540970.0,494900.0,27030.0,27030.0,0.0,4386.0,,,,,,,,,,,,,,
1998.0,10241448,3192.0,35944.0,47666.0,28614.0,850.0,847.0,-2363.0,35.0,,,,,,,,,,,,,,
1998.0,10001449,1720.0,28661.0,38371.0,26353.0,1357.0,693.0,57.0,1136.0,,,,,,,,,,,,,,
1998.0,10002321,12488.0,64918.0,114084.0,101535.0,1836.0,1836.0,302.0,749.0,,,,,,,,,,,,,,
1998.0,10000798,68933.0,164516.0,421446.0,102681.0,2641.0,2641.0,3074.0,201.0,,,,,,,,,,,,,,
1998.0,10000818,15357.0,94874.0,154388.0,132874.0,9972.0,10011.0,-16745.0,956.0,,,,,,,,,,,,,,
1998.0,10002887,5334.0,57885.0,148230.0,56151.0,5043.0,5043.0,107.0,0.0,,,,,,,,,,,,,,
1998.0,10242229,54052.0,82585.0,194945.0,142504.0,11706.0,0.0,3541.0,5210.0,,,,,,,,,,,,,,
1998.0,10309791,33535.0,95500.0,335687.0,64094.0,-211.0,750.0,15474.0,0.0,,,,,,,,,,,,,,
1998.0,10241545,9218.0,49580.0,50220.0,33090.0,1810.0,1716.0,2684.0,2703.0,,,,,,,,,,,,,,
1998.0,10242135,35.0,5787.0,6630.0,1834.0,-109.0,-19.0,248.0,0.0,,,,,,,,,,,,,,
1998.0,10241695,36066.0,106170.0,337427.0,134180.0,13100.0,7157.0,-4514.0,0.0,,,,,,,,,,,,,,
1998.0,10309924,14812.0,147844.0,348569.0,75468.0,6936.0,0.0,17390.0,5542.0,,,,,,,,,,,,,,
1998.0,10309885,141714.0,296655.0,353405.0,192167.0,5944.0,5582.0,960.0,17267.0,,,,,,,,,,,,,,
1998.0,10241356,3002788.0,2809593.0,4134558.0,3045020.0,150997.0,142520.0,917923.0,54831.0,,,,,,,,,,,,,,
1998.0,10001100,328.0,2145.0,2311.0,2127.0,0.0,0.0,-143.0,127.0,,,,,,,,,,,,,,
1998.0,10242149,4226.0,8476.0,8457.0,7626.0,122.0,122.0,-5725.0,573.0,,,,,,,,,,,,,,
1998.0,10241422,3209.0,4628.0,5150.0,3235.0,-6.0,-6.0,235.0,3.0,,,,,,,,,,,,,,
1998.0,10241473,0.0,0.0,0.0,0.0,0.0,0.0,0.0,0.0,,,,,,,,,,,,,,
1998.0,10001431,1378.0,70959.0,98431.0,80559.0,620.0,620.0,107.0,1216.0,,,,,,,,,,,,,,
1998.0,10000904,6707.0,78473.0,108260.0,74917.0,1562.0,1573.0,235.0,1556.0,,,,,,,,,,,,,,
1998.0,10242194,16481.0,48675.0,149403.0,88449.0,-1061.0,4839.0,-14494.0,1390.0,,,,,,,,,,,,,,
1998.0,10241551,662.0,3874.0,4000.0,3489.0,47.0,45.0,-173.0,175.0,,,,,,,,,,,,,,
1998.0,10241309,213984.0,1119485.0,3002543.0,1078076.0,62464.0,61168.0,86142.0,117256.0,,,,,,,,,,,,,,
1998.0,10241380,2907.0,5500.0,11832.0,3448.0,-2.0,-26.0,-95.0,289.0,,,,,,,,,,,,,,
1998.0,10241742,12966.0,37526.0,78528.0,26130.0,1602.0,1662.0,10167.0,3305.0,,,,,,,,,,,,,,
1998.0,10241562,948.0,1608.0,2515.0,1020.0,42.0,42.0,-249.0,43.0,,,,,,,,,,,,,,
1998.0,10241379,174003.0,323324.0,524710.0,395488.0,20164.0,17746.0,-5199.0,4116.0,,,,,,,,,,,,,,
1998.0,10001237,0.0,1395.0,1346.0,1558.0,-4.0,0.0,-44.0,15.0,,,,,,,,,,,,,,
1998.0,10001820,0.0,1183.0,1321.0,855.0,0.0,0.0,-255.0,94.0,,,,,,,,,,,,,,
1998.0,10003466,65494.0,833538.0,1706845.0,1426055.0,703.0,293.0,8010.0,1731.0,,,,,,,,,,,,,,
1998.0,10000860,13404.0,9023.0,124302.0,75347.0,2628.0,2628.0,32.0,2957.0,,,,,,,,,,,,,,
1998.0,10001207,33768.0,130310.0,230761.0,138501.0,4902.0,4902.0,19.0,2913.0,,,,,,,,,,,,,,
1998.0,10001440,9794.0,90068.0,174961.0,115508.0,1652.0,3116.0,-770.0,2121.0,,,,,,,,,,,,,,
1998.0,10000801,0.0,0.0,0.0,0.0,0.0,0.0,0.0,0.0,,,,,,,,,,,,,,
1998.0,10241377,18907.0,169601.0,179861.0,125432.0,4576.0,4650.0,1009.0,16504.0,,,,,,,,,,,,,,
1998.0,10241367,32203.0,172565.0,229853.0,239627.0,5713.0,5589.0,-4442.0,0.0,,,,,,,,,,,,,,
1998.0,10241574,54.0,2870.0,4695.0,996.0,24.0,25.0,54.0,99.0,,,,,,,,,,,,,,
1998.0,10241423,222.0,4752.0,5331.0,4197.0,-3.0,0.0,97.0,25.0,,,,,,,,,,,,,,
1998.0,10528645,0.0,0.0,0.0,0.0,0.0,0.0,0.0,0.0,,,,,,,,,,,,,,
1998.0,10001447,23111.0,66014.0,133074.0,83466.0,2408.0,2483.0,282.0,4092.0,,,,,,,,,,,,,,
1998.0,10000778,4127.0,38222.0,95257.0,57070.0,346.0,346.0,3.0,699.0,,,,,,,,,,,,,,
1998.0,10000875,13880.0,213649.0,426300.0,252780.0,8482.0,10010.0,3810.0,6100.0,,,,,,,,,,,,,,
1998.0,10241549,7049.0,19983.0,29995.0,17921.0,362.0,371.0,558.0,8147.0,,,,,,,,,,,,,,
1998.0,10242163,5138.0,14376.0,15721.0,13528.0,392.0,27.0,-2838.0,827.0,,,,,,,,,,,,,,
1998.0,10242401,378.0,1840.0,2339.0,2513.0,2.0,0.0,-962.0,18.0,,,,,,,,,,,,,,
1998.0,10242390,-613.0,88684.0,207406.0,147043.0,6008.0,5740.0,-23453.0,0.0,,,,,,,,,,,,,,
1998.0,10242136,13.0,2732.0,3732.0,1566.0,-23.0,0.0,1302.0,252.0,,,,,,,,,,,,,,
1998.0,10241722,14169.0,45973.0,64639.0,58843.0,3637.0,3482.0,-11601.0,92.0,,,,,,,,,,,,,,
1998.0,10000723,4315.0,41875.0,119523.0,109265.0,3535.0,3535.0,3185.0,0.0,,,,,,,,,,,,,,
1998.0,10000719,0.0,56649.0,148950.0,67549.0,3480.0,3480.0,10000.0,0.0,,,,,,,,,,,,,,
1998.0,10241579,0.0,0.0,0.0,0.0,0.0,0.0,0.0,0.0,,,,,,,,,,,,,,
1998.0,10241489,0.0,0.0,0.0,0.0,0.0,0.0,0.0,0.0,,,,,,,,,,,,,,
1998.0,10003653,0.0,0.0,0.0,0.0,0.0,0.0,0.0,0.0,,,,,,,,,,,,,,
1998.0,10241568,3020.0,14090.0,14958.0,4930.0,371.0,-143.0,-295.0,0.0,,,,,,,,,,,,,,
1998.0,10001221,87875.0,219820.0,502707.0,369188.0,15186.0,15186.0,519.0,3562.0,,,,,,,,,,,,,,
1998.0,10001007,16883.0,163793.0,277820.0,238497.0,719.0,715.0,15041.0,147.0,,,,,,,,,,,,,,
1998.0,10241631,0.0,4513.0,8157.0,7668.0,84.0,84.0,-1257.0,1.0,,,,,,,,,,,,,,
1998.0,10241343,161860.0,319167.0,505370.0,413044.0,13679.0,17119.0,15614.0,8977.0,,,,,,,,,,,,,,
1998.0,10000804,0.0,0.0,0.0,0.0,0.0,0.0,0.0,0.0,,,,,,,,,,,,,,
1998.0,10241898,0.0,0.0,0.0,0.0,0.0,0.0,0.0,0.0,,,,,,,,,,,,,,
1998.0,10002049,2509.0,13274.0,28034.0,10561.0,298.0,298.0,12.0,785.0,,,,,,,,,,,,,,
1998.0,10000751,4764.0,29460.0,118140.0,75507.0,3696.0,3692.0,11.0,3329.0,,,,,,,,,,,,,,
1998.0,10241949,2463.0,8821.0,11496.0,4779.0,281.0,299.0,-254.0,201.0,,,,,,,,,,,,,,
1998.0,10241483,2031.0,36858.0,47999.0,33016.0,3136.0,2900.0,2863.0,0.0,,,,,,,,,,,,,,
1998.0,10309855,178.0,3089.0,3915.0,3928.0,55.0,149.0,-1185.0,136.0,,,,,,,,,,,,,,
1998.0,10241436,398.0,18886.0,36804.0,9838.0,-583.0,218.0,-8855.0,1138.0,,,,,,,,,,,,,,
1998.0,10241520,0.0,0.0,0.0,0.0,0.0,0.0,0.0,0.0,,,,,,,,,,,,,,
1998.0,10241984,-2796.0,7498.0,52063.0,24724.0,1438.0,663.0,-7414.0,309.0,,,,,,,,,,,,,,
1998.0,10241502,700.0,11000.0,13000.0,4700.0,45.0,0.0,133.0,877.0,,,,,,,,,,,,,,
1998.0,10241560,7496.0,21209.0,26364.0,18402.0,725.0,725.0,42.0,0.0,,,,,,,,,,,,,,
1998.0,10001885,4584.0,25591.0,87337.0,23325.0,857.0,873.0,103.0,905.0,,,,,,,,,,,,,,
1998.0,10241438,602.0,12971.0,14218.0,9888.0,-88.0,0.0,-919.0,94.0,,,,,,,,,,,,,,
1998.0,10001459,387.0,31296.0,160987.0,189820.0,4651.0,4651.0,-13000.0,117.0,,,,,,,,,,,,,,
1998.0,10005297,0.0,2841.0,6404.0,7516.0,192.0,2110.0,-588.0,0.0,,,,,,,,,,,,,,
1998.0,10241434,1762.0,14774.0,19581.0,10674.0,5.0,3.0,752.0,13.0,,,,,,,,,,,,,,
1998.0,10001006,12218.0,21378.0,62765.0,35681.0,1120.0,1120.0,1150.0,1445.0,,,,,,,,,,,,,,
1998.0,10309843,1804.0,14362.0,25741.0,10511.0,-78.0,-78.0,1551.0,1468.0,,,,,,,,,,,,,,
1998.0,10000934,7377.0,38320.0,152232.0,116713.0,4195.0,4195.0,-4991.0,0.0,,,,,,,,,,,,,,
1998.0,10241535,0.0,0.0,0.0,0.0,0.0,0.0,0.0,0.0,,,,,,,,,,,,,,
1998.0,10001332,5223.0,49031.0,513797.0,498474.0,6436.0,6436.0,-19577.0,1335.0,,,,,,,,,,,,,,
1998.0,10242705,10288.0,99833.0,232683.0,143505.0,8788.0,8123.0,-2759.0,6571.0,,,,,,,,,,,,,,
1998.0,10241512,1558.0,6044.0,11092.0,3289.0,75.0,73.0,219.0,519.0,,,,,,,,,,,,,,
1998.0,10001038,3714.0,20346.0,102564.0,119354.0,2790.0,2790.0,-9919.0,0.0,,,,,,,,,,,,,,
1998.0,10001966,102.0,4450.0,5920.0,2993.0,-84.0,-16.0,364.0,370.0,,,,,,,,,,,,,,
1998.0,10241652,95.0,2797.0,10107.0,3371.0,-8.0,-8.0,1777.0,647.0,,,,,,,,,,,,,,
1998.0,10241844,0.0,0.0,0.0,0.0,0.0,0.0,0.0,0.0,,,,,,,,,,,,,,
1998.0,10000876,44155.0,418907.0,758262.0,672862.0,-457.0,-465.0,510.0,3552.0,,,,,,,,,,,,,,
1998.0,10001965,6.0,10710.0,24137.0,12629.0,675.0,675.0,-2025.0,402.0,,,,,,,,,,,,,,
1998.0,10002014,986.0,14342.0,28777.0,13496.0,661.0,660.0,0.0,694.0,,,,,,,,,,,,,,
1998.0,10002047,573.0,4143.0,7924.0,9055.0,20.0,20.0,2.0,28.0,,,,,,,,,,,,,,
1998.0,10001427,1361.0,9287.0,13940.0,10853.0,877.0,876.0,-2315.0,0.0,,,,,,,,,,,,,,
1998.0,10008127,0.0,0.0,0.0,0.0,0.0,0.0,0.0,0.0,,,,,,,,,,,,,,
1998.0,10001048,1980.0,46081.0,459356.0,390526.0,7163.0,7165.0,-14966.0,382.0,,,,,,,,,,,,,,
1998.0,10001333,0.0,0.0,0.0,0.0,0.0,0.0,0.0,0.0,,,,,,,,,,,,,,
1998.0,10001487,40463.0,53368.0,150802.0,132616.0,5958.0,5958.0,-1507.0,1016.0,,,,,,,,,,,,,,
1998.0,10001890,1618.0,24063.0,64345.0,29378.0,887.0,887.0,0.0,0.0,,,,,,,,,,,,,,
1998.0,10001432,4927.0,31640.0,46604.0,25778.0,730.0,730.0,3.0,0.0,,,,,,,,,,,,,,
1998.0,10001043,2195.0,23639.0,68777.0,45937.0,202.0,371.0,63.0,271.0,,,,,,,,,,,,,,
1998.0,10000742,4659.0,43008.0,90887.0,50009.0,2219.0,2219.0,601.0,311.0,,,,,,,,,,,,,,
1998.0,10003401,13952.0,92149.0,142831.0,110748.0,250.0,250.0,4500.0,1562.0,,,,,,,,,,,,,,
1998.0,10001051,9277.0,34485.0,56988.0,31790.0,1824.0,1824.0,0.0,0.0,,,,,,,,,,,,,,
1998.0,10001657,21635.0,165986.0,296855.0,211803.0,7595.0,7595.0,5003.0,2035.0,,,,,,,,,,,,,,
1998.0,10001672,0.0,437.0,769.0,401.0,0.0,0.0,0.0,38.0,,,,,,,,,,,,,,
1998.0,10001653,35822.0,116036.0,133167.0,128434.0,2710.0,2697.0,-7805.0,876.0,,,,,,,,,,,,,,
1998.0,10001741,2407.0,12196.0,23810.0,16205.0,548.0,548.0,461.0,842.0,,,,,,,,,,,,,,
1998.0,10001822,6.0,462.0,568.0,366.0,0.0,0.0,24.0,28.0,,,,,,,,,,,,,,
1998.0,10001781,0.0,1473.0,2560.0,1531.0,-4.0,0.0,-1.0,44.0,,,,,,,,,,,,,,
1998.0,10001649,1088.0,25222.0,60192.0,30503.0,537.0,531.0,14.0,385.0,,,,,,,,,,,,,,
1998.0,10003572,1441.0,4362.0,4646.0,3828.0,0.0,0.0,-122.0,0.0,,,,,,,,,,,,,,
1998.0,10003393,6106.0,65757.0,145511.0,57876.0,16.0,14.0,2037.0,419.0,,,,,,,,,,,,,,
1998.0,10000929,0.0,37005.0,82044.0,13260.0,2083.0,2083.0,2087.0,3154.0,,,,,,,,,,,,,,
1998.0,10007996,2207.0,5810.0,6429.0,4826.0,0.0,0.0,1.0,571.0,,,,,,,,,,,,,,
1998.0,10000933,954.0,4608.0,142100.0,26487.0,-10.0,-10.0,3208.0,0.0,,,,,,,,,,,,,,
1998.0,10001013,8042.0,50652.0,71496.0,59936.0,1614.0,1608.0,2038.0,618.0,,,,,,,,,,,,,,
1998.0,10002001,2671.0,24840.0,50959.0,36810.0,1540.0,1540.0,152.0,450.0,,,,,,,,,,,,,,
1998.0,10001913,1135.0,12477.0,13288.0,8275.0,180.0,257.0,834.0,672.0,,,,,,,,,,,,,,
1998.0,10004103,0.0,0.0,0.0,0.0,0.0,0.0,0.0,0.0,,,,,,,,,,,,,,
1998.0,10000939,27941.0,83818.0,167189.0,114005.0,6441.0,6034.0,1503.0,567.0,,,,,,,,,,,,,,
1998.0,10000796,0.0,0.0,0.0,0.0,0.0,0.0,0.0,0.0,,,,,,,,,,,,,,
1998.0,10241775,0.0,4122.0,6636.0,1951.0,-23.0,0.0,301.0,139.0,,,,,,,,,,,,,,
1998.0,10241521,714.0,10068.0,12250.0,8178.0,-2.0,-3.0,-468.0,80.0,,,,,,,,,,,,,,
1998.0,10241364,301.0,2347.0,3161.0,1326.0,-126.0,-18.0,153.0,0.0,,,,,,,,,,,,,,
1998.0,10241360,30300.0,90761.0,96153.0,83205.0,-887.0,-772.0,11306.0,9198.0,,,,,,,,,,,,,,
1998.0,10241457,64.0,7238.0,7972.0,4593.0,-32.0,-32.0,175.0,0.0,,,,,,,,,,,,,,
1998.0,10309913,52.0,12714.0,14980.0,11790.0,-45.0,-54.0,209.0,0.0,,,,,,,,,,,,,,
1998.0,10242375,4938.0,19254.0,24611.0,12457.0,686.0,779.0,134.0,957.0,,,,,,,,,,,,,,
1998.0,10241577,9890.0,55473.0,80830.0,37106.0,-40.0,-52.0,5.0,0.0,,,,,,,,,,,,,,
1998.0,10241729,1853.0,4672.0,8826.0,6529.0,208.0,207.0,88.0,334.0,,,,,,,,,,,,,,
1998.0,10241685,352.0,22536.0,20261.0,11404.0,-112.0,-114.0,3468.0,850.0,,,,,,,,,,,,,,
1998.0,10241734,49704.0,151819.0,215970.0,57757.0,-551.0,-560.0,4008.0,4973.0,,,,,,,,,,,,,,
1998.0,10241361,52.0,4940.0,4826.0,2134.0,-209.0,-43.0,352.0,134.0,,,,,,,,,,,,,,
1998.0,10242125,0.0,0.0,0.0,0.0,0.0,0.0,0.0,0.0,,,,,,,,,,,,,,
1998.0,10309805,315.0,2423.0,3360.0,3360.0,4.0,0.0,-7.0,46.0,,,,,,,,,,,,,,
1998.0,10242051,600.0,4794.0,11072.0,7950.0,-190.0,-5.0,40.0,180.0,,,,,,,,,,,,,,
1998.0,10309850,102.0,1917.0,2098.0,371.0,0.0,0.0,1.0,15.0,,,,,,,,,,,,,,
1998.0,10241447,164.0,2499.0,2652.0,1541.0,42.0,42.0,22.0,48.0,,,,,,,,,,,,,,
1998.0,10241387,3761.0,14805.0,18658.0,12283.0,118.0,605.0,1201.0,941.0,,,,,,,,,,,,,,
1998.0,10000898,24630.0,212768.0,345597.0,250720.0,3319.0,3318.0,1850.0,7469.0,,,,,,,,,,,,,,
1998.0,10309919,4994.0,18034.0,38089.0,5084.0,-114.0,-132.0,2327.0,1656.0,,,,,,,,,,,,,,
1998.0,10003827,0.0,5322.0,9185.0,5619.0,-1.0,0.0,254.0,284.0,,,,,,,,,,,,,,
1998.0,10003854,0.0,0.0,0.0,0.0,0.0,0.0,0.0,0.0,,,,,,,,,,,,,,
1998.0,10003825,0.0,0.0,0.0,0.0,0.0,0.0,0.0,0.0,,,,,,,,,,,,,,
1998.0,10003859,0.0,0.0,0.0,0.0,0.0,0.0,0.0,0.0,,,,,,,,,,,,,,
1998.0,10003845,0.0,0.0,0.0,0.0,0.0,0.0,0.0,0.0,,,,,,,,,,,,,,
1998.0,10003873,0.0,0.0,0.0,0.0,0.0,0.0,0.0,0.0,,,,,,,,,,,,,,
1998.0,10003956,1310.0,0.0,10177.0,4085.0,142.0,146.0,250.0,682.0,,,,,,,,,,,,,,
1998.0,10004001,896.0,2165.0,2453.0,1561.0,98.0,98.0,199.0,259.0,,,,,,,,,,,,,,
1998.0,10003844,170.0,1088.0,1507.0,795.0,-1.0,0.0,94.0,103.0,,,,,,,,,,,,,,
1998.0,10242761,1220.0,6575.0,16772.0,2824.0,-8.0,0.0,2507.0,0.0,,,,,,,,,,,,,,
1998.0,10001343,0.0,0.0,0.0,0.0,0.0,0.0,0.0,0.0,,,,,,,,,,,,,,
1998.0,10242283,37607.0,73467.0,85844.0,57301.0,2068.0,1452.0,4793.0,0.0,,,,,,,,,,,,,,
1998.0,10000870,51017.0,231365.0,385133.0,293467.0,14445.0,11979.0,-116485.0,2825.0,,,,,,,,,,,,,,
1998.0,10000919,13945.0,37744.0,79015.0,76326.0,4142.0,4142.0,-8500.0,1471.0,,,,,,,,,,,,,,
1998.0,10001062,145180.0,226820.0,889150.0,386750.0,17060.0,21520.0,240.0,16920.0,,,,,,,,,,,,,,
1998.0,10001279,28682.0,460000.0,1876555.0,307430.0,758.0,758.0,116.0,2926.0,,,,,,,,,,,,,,
1998.0,10001445,33811.0,220271.0,478747.0,329735.0,26052.0,26052.0,-39999.0,5041.0,,,,,,,,,,,,,,
1998.0,10001807,11541.0,40667.0,103004.0,81561.0,1915.0,1915.0,-3643.0,1421.0,,,,,,,,,,,,,,
1998.0,10002203,12420.0,28170.0,52820.0,40990.0,2340.0,2340.0,-5980.0,1340.0,,,,,,,,,,,,,,
1998.0,10002777,154044.0,649608.0,1863026.0,894263.0,30501.0,30501.0,10133.0,0.0,,,,,,,,,,,,,,
1998.0,10003317,16665.0,64749.0,146797.0,127857.0,5733.0,5729.0,-9980.0,148.0,,,,,,,,,,,,,,
1998.0,10007396,0.0,0.0,0.0,0.0,0.0,0.0,0.0,0.0,,,,,,,,,,,,,,
1998.0,10241368,41352.0,138375.0,245039.0,189949.0,14879.0,7367.0,-39591.0,5178.0,,,,,,,,,,,,,,
1998.0,10241417,17275.0,43272.0,98039.0,48681.0,2283.0,2272.0,-11977.0,2574.0,,,,,,,,,,,,,,
1998.0,10241429,838683.0,1816629.0,2512559.0,1552243.0,67542.0,67513.0,-171770.0,154357.0,,,,,,,,,,,,,,
1998.0,10241942,1114.0,2384.0,10871.0,4169.0,59.0,21.0,-1703.0,356.0,,,,,,,,,,,,,,
1998.0,10242317,23470.0,54861.0,119085.0,73881.0,2601.0,2183.0,-6015.0,2920.0,,,,,,,,,,,,,,
1998.0,10309792,373474.0,724782.0,1716475.0,1295172.0,36593.0,31826.0,59.0,18288.0,,,,,,,,,,,,,,
1998.0,10001638,1443.0,19135.0,40027.0,32254.0,31.0,31.0,0.0,0.0,,,,,,,,,,,,,,
1998.0,10000835,34367.0,67794.0,346070.0,328069.0,3053.0,3053.0,1654.0,1150.0,,,,,,,,,,,,,,
1998.0,10000841,12627.0,53909.0,163942.0,160446.0,3441.0,3435.0,20.0,1824.0,,,,,,,,,,,,,,
1998.0,10008424,5050.0,24628.0,88883.0,96223.0,2240.0,2239.0,-5414.0,11253.0,,,,,,,,,,,,,,
1998.0,10000846,1620.0,12148.0,22469.0,19815.0,102.0,102.0,-73.0,0.0,,,,,,,,,,,,,,
1998.0,10001246,0.0,0.0,0.0,0.0,0.0,0.0,0.0,0.0,,,,,,,,,,,,,,
1998.0,10001233,0.0,0.0,0.0,0.0,0.0,0.0,0.0,0.0,,,,,,,,,,,,,,
1998.0,10242305,0.0,0.0,0.0,0.0,0.0,0.0,0.0,0.0,,,,,,,,,,,,,,
1998.0,10241326,1479.0,4739.0,5035.0,3268.0,134.0,128.0,243.0,139.0,,,,,,,,,,,,,,
1998.0,10241390,213.0,1080.0,2901.0,1769.0,30.0,20.0,230.0,5165.0,,,,,,,,,,,,,,
1998.0,10241337,0.0,0.0,0.0,0.0,0.0,0.0,0.0,0.0,,,,,,,,,,,,,,
1998.0,10001348,6949.0,22131.0,56079.0,51593.0,1219.0,1211.0,0.0,337.0,,,,,,,,,,,,,,
1998.0,10241605,3.0,476.0,717.0,980.0,30.0,30.0,-367.0,21.0,,,,,,,,,,,,,,
1998.0,10238021,6794.0,11000.0,38353.0,0.0,0.0,0.0,-1219.0,320.0,,,,,,,,,,,,,,
1998.0,10004432,970.0,2284.0,5639.0,3942.0,224.0,224.0,-966.0,0.0,,,,,,,,,,,,,,
1998.0,10318912,0.0,0.0,0.0,0.0,0.0,0.0,0.0,0.0,,,,,,,,,,,,,,
1998.0,10000817,86260.0,477536.0,1011731.0,768695.0,9294.0,9294.0,1042.0,6778.0,,,,,,,,,,,,,,
1998.0,10241967,137842.0,260968.0,280449.0,111105.0,9065.0,8537.0,110584.0,34479.0,,,,,,,,,,,,,,
1998.0,10241633,0.0,0.0,0.0,0.0,0.0,0.0,0.0,0.0,,,,,,,,,,,,,,
1998.0,10241393,0.0,0.0,0.0,0.0,0.0,0.0,0.0,0.0,,,,,,,,,,,,,,
1998.0,10241394,0.0,0.0,0.0,0.0,0.0,0.0,0.0,0.0,,,,,,,,,,,,,,
1998.0,10241407,2546.0,12957.0,29092.0,11415.0,445.0,461.0,767.0,703.0,,,,,,,,,,,,,,
1998.0,10309846,1244.0,372.0,4773.0,845.0,-9.0,-7.0,211.0,29.0,,,,,,,,,,,,,,
1998.0,10000902,47938.0,291471.0,458443.0,323514.0,8311.0,8311.0,3508.0,5434.0,,,,,,,,,,,,,,
1998.0,10241752,32656.0,90870.0,157471.0,35725.0,-320.0,-349.0,39974.0,19931.0,,,,,,,,,,,,,,
1998.0,10242069,46.0,2879.0,3656.0,1697.0,-15.0,-15.0,57.0,152.0,,,,,,,,,,,,,,
1998.0,10007639,0.0,0.0,0.0,0.0,0.0,0.0,0.0,0.0,,,,,,,,,,,,,,
1998.0,10000849,59478.0,588746.0,1511803.0,1067000.0,11078.0,10878.0,62.0,18242.0,,,,,,,,,,,,,,
1998.0,10007561,30959.0,66211.0,112912.0,35312.0,1749.0,1696.0,6876.0,1474.0,,,,,,,,,,,,,,
1998.0,10309838,7103.0,31939.0,47889.0,22838.0,1318.0,682.0,-5565.0,1872.0,,,,,,,,,,,,,,
1998.0,10241543,2885.0,16732.0,31604.0,19252.0,752.0,171.0,2794.0,38.0,,,,,,,,,,,,,,
1998.0,10001971,237815.0,254616.0,475695.0,237958.0,-697.0,-788.0,49004.0,35613.0,,,,,,,,,,,,,,
1998.0,10001977,259.0,3683.0,9748.0,9348.0,361.0,198.0,-1520.0,13.0,,,,,,,,,,,,,,
1998.0,10002363,2472.0,7110.0,10776.0,1035.0,14.0,0.0,2503.0,0.0,,,,,,,,,,,,,,
1998.0,10242642,0.0,0.0,0.0,0.0,0.0,0.0,0.0,0.0,,,,,,,,,,,,,,
1998.0,10309926,0.0,0.0,0.0,0.0,0.0,0.0,0.0,0.0,,,,,,,,,,,,,,
1998.0,10001924,35.0,4965.0,6167.0,4134.0,-42.0,0.0,-880.0,812.0,,,,,,,,,,,,,,
1998.0,10001975,565.0,2690.0,3241.0,643.0,-85.0,-19.0,544.0,258.0,,,,,,,,,,,,,,
1998.0,10001943,0.0,0.0,0.0,0.0,0.0,0.0,0.0,0.0,,,,,,,,,,,,,,
1998.0,10242502,0.0,0.0,0.0,0.0,0.0,0.0,0.0,0.0,,,,,,,,,,,,,,
1998.0,10242652,0.0,0.0,0.0,0.0,0.0,0.0,0.0,0.0,,,,,,,,,,,,,,
1998.0,10242374,1321.0,7135.0,9238.0,2822.0,-48.0,-68.0,418.0,336.0,,,,,,,,,,,,,,
1998.0,10242154,414.0,7743.0,9482.0,9482.0,77.0,77.0,0.0,6.0,,,,,,,,,,,,,,
1998.0,10241831,0.0,0.0,0.0,0.0,0.0,0.0,0.0,0.0,,,,,,,,,,,,,,
1998.0,10242533,0.0,0.0,0.0,0.0,0.0,0.0,0.0,0.0,,,,,,,,,,,,,,
1998.0,10001298,80097.0,224189.0,533693.0,374727.0,16669.0,17596.0,13809.0,15571.0,,,,,,,,,,,,,,
1998.0,10001968,1486.0,14167.0,15260.0,7859.0,169.0,165.0,2687.0,1824.0,,,,,,,,,,,,,,
1998.0,10241305,917.0,4876.0,6088.0,2021.0,42.0,33.0,253.0,393.0,,,,,,,,,,,,,,
1998.0,10003175,217.0,64190.0,177895.0,156399.0,1318.0,1277.0,987.0,433.0,,,,,,,,,,,,,,
1998.0,10001014,968.0,9199.0,16075.0,12091.0,94.0,95.0,220.0,45.0,,,,,,,,,,,,,,
1998.0,10000970,19999.0,97355.0,166764.0,145251.0,5758.0,5716.0,-9799.0,232.0,,,,,,,,,,,,,,
1998.0,10001421,148.0,11623.0,20921.0,3900.0,-6.0,-6.0,1.0,15.0,,,,,,,,,,,,,,
1998.0,10002258,120.0,2458.0,5099.0,6279.0,0.0,0.0,-607.0,98.0,,,,,,,,,,,,,,
1998.0,10241517,0.0,0.0,0.0,0.0,0.0,0.0,0.0,0.0,,,,,,,,,,,,,,
1998.0,10000945,4248.0,26726.0,117973.0,41211.0,522.0,522.0,457.0,170.0,,,,,,,,,,,,,,
1998.0,10002939,30244.0,247172.0,491458.0,350389.0,11384.0,11384.0,24340.0,27559.0,,,,,,,,,,,,,,
1998.0,10002368,776.0,4997.0,6680.0,1372.0,-116.0,-116.0,143.0,100.0,,,,,,,,,,,,,,
1998.0,10241554,33.0,12180.0,14496.0,7318.0,50.0,47.0,2620.0,2114.0,,,,,,,,,,,,,,
1998.0,10000720,7317.0,34448.0,143984.0,122025.0,9580.0,9580.0,-18000.0,0.0,,,,,,,,,,,,,,
1998.0,10000739,43255.0,62570.0,213654.0,162896.0,3013.0,3100.0,-5961.0,726.0,,,,,,,,,,,,,,
1998.0,10001098,21155.0,50256.0,142290.0,91781.0,3220.0,3220.0,7.0,1334.0,,,,,,,,,,,,,,
1998.0,10003397,1512.0,8866.0,35559.0,35525.0,2652.0,2652.0,-3482.0,0.0,,,,,,,,,,,,,,
1998.0,10000807,2073.0,25759.0,70974.0,38205.0,892.0,892.0,-2790.0,231.0,,,,,,,,,,,,,,
1998.0,10317822,3486.0,34926.0,61749.0,37569.0,1460.0,1460.0,3.0,984.0,,,,,,,,,,,,,,
1998.0,10000787,6688.0,44831.0,75379.0,58617.0,2036.0,2036.0,210.0,1429.0,,,,,,,,,,,,,,
1998.0,10000980,1266.0,10100.0,25366.0,25872.0,798.0,798.0,-1494.0,515.0,,,,,,,,,,,,,,
1998.0,10000744,23292.0,106337.0,273519.0,102423.0,-1743.0,-1743.0,9100.0,8911.0,,,,,,,,,,,,,,
1998.0,10000852,5511.0,11498.0,65627.0,68869.0,6037.0,5572.0,-5995.0,480.0,,,,,,,,,,,,,,
1998.0,10003158,0.0,0.0,0.0,0.0,0.0,0.0,0.0,0.0,,,,,,,,,,,,,,
1998.0,10000775,3958.0,32220.0,55301.0,44626.0,910.0,404.0,2.0,514.0,,,,,,,,,,,,,,
1998.0,10241586,0.0,0.0,0.0,0.0,0.0,0.0,0.0,0.0,,,,,,,,,,,,,,
1998.0,10241976,79378.0,205873.0,945075.0,285085.0,7207.0,4826.0,-60168.0,18658.0,,,,,,,,,,,,,,
1998.0,10309918,33501.0,96416.0,194588.0,160773.0,7483.0,7311.0,-17165.0,4207.0,,,,,,,,,,,,,,
1998.0,10241322,15186.0,48796.0,58427.0,50835.0,1595.0,1675.0,-66.0,2054.0,,,,,,,,,,,,,,
1998.0,10001972,27144.0,65271.0,92929.0,59061.0,587.0,578.0,2834.0,7079.0,,,,,,,,,,,,,,
1998.0,10241642,2040.0,16333.0,67998.0,10870.0,-72.0,-73.0,-9888.0,1921.0,,,,,,,,,,,,,,
1998.0,10241640,947.0,6949.0,13380.0,11863.0,-23.0,0.0,-2764.0,282.0,,,,,,,,,,,,,,
1998.0,10241414,3292.0,51791.0,63735.0,15689.0,360.0,27.0,9630.0,8500.0,,,,,,,,,,,,,,
1998.0,10241306,1661.0,7461.0,21955.0,6687.0,-246.0,-42.0,172.0,1941.0,,,,,,,,,,,,,,
1998.0,10241702,16898.0,39992.0,58508.0,44551.0,2140.0,2140.0,-8918.0,1449.0,,,,,,,,,,,,,,
1998.0,10001932,2728.0,22265.0,25587.0,22909.0,-1.0,0.0,-2.0,292.0,,,,,,,,,,,,,,
1998.0,10242562,1569.0,6086.0,7552.0,5866.0,214.0,246.0,17.0,430.0,,,,,,,,,,,,,,
1998.0,10241567,34591.0,119428.0,501339.0,242438.0,1289.0,907.0,16547.0,20850.0,,,,,,,,,,,,,,
1998.0,10241829,4753.0,28635.0,103264.0,12756.0,-154.0,-161.0,4799.0,7344.0,,,,,,,,,,,,,,
1998.0,10241864,2331.0,10369.0,18214.0,16031.0,1242.0,0.0,-2073.0,0.0,,,,,,,,,,,,,,
1998.0,10241683,11398.0,14966.0,31354.0,51774.0,2482.0,2484.0,-7856.0,645.0,,,,,,,,,,,,,,
1998.0,10242600,40316.0,79806.0,106407.0,33029.0,1.0,-85.0,-3246.0,4461.0,,,,,,,,,,,,,,
1998.0,10242156,994.0,8504.0,20319.0,3853.0,264.0,264.0,900.0,524.0,,,,,,,,,,,,,,
1998.0,10242238,0.0,0.0,0.0,0.0,0.0,0.0,0.0,0.0,,,,,,,,,,,,,,
1998.0,10241555,0.0,0.0,0.0,0.0,0.0,0.0,0.0,0.0,,,,,,,,,,,,,,
1998.0,10241973,0.0,0.0,0.0,0.0,0.0,0.0,0.0,0.0,,,,,,,,,,,,,,
1998.0,10241557,0.0,0.0,0.0,0.0,0.0,0.0,0.0,0.0,,,,,,,,,,,,,,
1998.0,10002140,0.0,0.0,0.0,0.0,0.0,0.0,0.0,0.0,,,,,,,,,,,,,,
1998.0,10002131,0.0,0.0,0.0,0.0,0.0,0.0,0.0,0.0,,,,,,,,,,,,,,
1998.0,10002384,0.0,0.0,0.0,0.0,0.0,0.0,0.0,0.0,,,,,,,,,,,,,,
1998.0,10002129,0.0,0.0,0.0,0.0,0.0,0.0,0.0,0.0,,,,,,,,,,,,,,
1998.0,10004522,0.0,0.0,0.0,0.0,0.0,0.0,0.0,0.0,,,,,,,,,,,,,,
1998.0,10001127,30583.0,201203.0,879656.0,185722.0,3383.0,3385.0,-6393.0,30.0,,,,,,,,,,,,,,
1998.0,10005942,146.0,1867.0,2335.0,2011.0,16.0,16.0,-339.0,56.0,,,,,,,,,,,,,,
1998.0,10005333,561.0,14884.0,29924.0,19583.0,721.0,721.0,501.0,614.0,,,,,,,,,,,,,,
1998.0,10001296,26927.0,141020.0,278729.0,151686.0,3320.0,5408.0,6802.0,8284.0,,,,,,,,,,,,,,
1998.0,10002176,0.0,0.0,0.0,0.0,0.0,0.0,0.0,0.0,,,,,,,,,,,,,,
1998.0,10002227,0.0,0.0,0.0,0.0,0.0,0.0,0.0,0.0,,,,,,,,,,,,,,
1998.0,10004295,18065.0,70714.0,133114.0,120852.0,4372.0,4372.0,6.0,0.0,,,,,,,,,,,,,,
1998.0,10000972,57051.0,127663.0,234644.0,173928.0,1883.0,1882.0,0.0,161.0,,,,,,,,,,,,,,
1998.0,10004501,2501.0,7094.0,12911.0,7516.0,383.0,383.0,-494.0,740.0,,,,,,,,,,,,,,
1998.0,10004341,104.0,7182.0,7134.0,7362.0,8.0,0.0,-682.0,38.0,,,,,,,,,,,,,,
1998.0,10001204,1114.0,8307.0,9244.0,11014.0,206.0,206.0,-706.0,120.0,,,,,,,,,,,,,,
1998.0,10006650,2485.0,13622.0,18383.0,13016.0,230.0,230.0,-2494.0,98.0,,,,,,,,,,,,,,
1998.0,10241773,858.0,1552.0,2054.0,904.0,-19.0,-2.0,13.0,0.0,,,,,,,,,,,,,,
1998.0,10241427,0.0,0.0,0.0,0.0,0.0,0.0,0.0,0.0,,,,,,,,,,,,,,
1998.0,10242068,170.0,2942.0,3702.0,5192.0,112.0,92.0,-1155.0,106.0,,,,,,,,,,,,,,
1998.0,10241803,5393.0,20680.0,11699.0,28559.0,455.0,456.0,-7192.0,361.0,,,,,,,,,,,,,,
1998.0,10241813,733.0,8904.0,7752.0,10514.0,115.0,315.0,-1021.0,0.0,,,,,,,,,,,,,,
1998.0,10241857,10852.0,17958.0,45064.0,14116.0,663.0,634.0,10064.0,3845.0,,,,,,,,,,,,,,
1998.0,10309881,690.0,2639.0,3707.0,1495.0,62.0,62.0,-407.0,44.0,,,,,,,,,,,,,,
1998.0,10241662,62.0,1338.0,1852.0,1711.0,0.0,0.0,-159.0,43.0,,,,,,,,,,,,,,
1998.0,10242013,22.0,1241.0,1356.0,276.0,-48.0,-8.0,12.0,150.0,,,,,,,,,,,,,,
1998.0,10241552,196.0,2369.0,3447.0,1053.0,11.0,0.0,-227.0,15.0,,,,,,,,,,,,,,
1998.0,10242121,780.0,3479.0,5590.0,3707.0,-41.0,-35.0,124.0,0.0,,,,,,,,,,,,,,
1998.0,10241648,4445.0,7649.0,12593.0,7785.0,171.0,163.0,-194.0,404.0,,,,,,,,,,,,,,
1998.0,10241862,0.0,0.0,0.0,0.0,0.0,0.0,0.0,0.0,,,,,,,,,,,,,,
1998.0,10529708,0.0,0.0,0.0,0.0,0.0,0.0,0.0,0.0,,,,,,,,,,,,,,
1998.0,10241726,591.0,2937.0,4347.0,832.0,6.0,0.0,-1470.0,0.0,,,,,,,,,,,,,,
1998.0,10241945,8724.0,19221.0,45574.0,26095.0,2692.0,1183.0,639.0,2804.0,,,,,,,,,,,,,,
1998.0,10241950,3582.0,15083.0,36776.0,23415.0,488.0,843.0,-686.0,1861.0,,,,,,,,,,,,,,
1998.0,10241653,1309.0,4217.0,6731.0,2921.0,95.0,0.0,305.0,250.0,,,,,,,,,,,,,,
1998.0,10242179,0.0,1090.0,1639.0,291.0,0.0,0.0,-141.0,10.0,,,,,,,,,,,,,,
1998.0,10002221,0.0,339.0,1147.0,431.0,-3.0,0.0,-124.0,86.0,,,,,,,,,,,,,,
1998.0,10000757,8099.0,24751.0,49124.0,54607.0,2090.0,2081.0,-3598.0,17.0,,,,,,,,,,,,,,
1998.0,10000727,1542.0,95663.0,179674.0,132141.0,4952.0,4952.0,1.0,296.0,,,,,,,,,,,,,,
1998.0,10241716,15.0,2675.0,3770.0,3257.0,117.0,117.0,-727.0,64.0,,,,,,,,,,,,,,
1998.0,10241330,1017.0,8669.0,9514.0,3909.0,128.0,105.0,302.0,860.0,,,,,,,,,,,,,,
1998.0,10002230,4515.0,8240.0,16247.0,8966.0,201.0,201.0,288.0,1205.0,,,,,,,,,,,,,,
1998.0,10001634,-22.0,1912.0,1503.0,530.0,-9.0,-9.0,-50.0,200.0,,,,,,,,,,,,,,
1998.0,10241519,143.0,12544.0,17541.0,9528.0,-97.0,-62.0,3961.0,460.0,,,,,,,,,,,,,,
1998.0,10242698,0.0,0.0,0.0,0.0,0.0,0.0,0.0,0.0,,,,,,,,,,,,,,
1998.0,10001823,574.0,3776.0,6901.0,2707.0,73.0,73.0,5.0,298.0,,,,,,,,,,,,,,
1998.0,10005391,3876.0,37631.0,64576.0,47866.0,28.0,28.0,501.0,383.0,,,,,,,,,,,,,,
1998.0,10005189,3863.0,59427.0,125609.0,114288.0,199.0,1736.0,3.0,379.0,,,,,,,,,,,,,,
1998.0,10001493,0.0,1367.0,4282.0,843.0,2.0,0.0,2044.0,14.0,,,,,,,,,,,,,,
1998.0,10002206,0.0,0.0,0.0,0.0,0.0,0.0,0.0,0.0,,,,,,,,,,,,,,
1998.0,10002178,1008.0,10640.0,21172.0,16390.0,1066.0,1066.0,18.0,9.0,,,,,,,,,,,,,,
1998.0,10002228,199.0,1100.0,1622.0,1084.0,-1.0,-1.0,3.0,15.0,,,,,,,,,,,,,,
1998.0,10004385,0.0,0.0,0.0,0.0,0.0,0.0,0.0,0.0,,,,,,,,,,,,,,
1998.0,10004384,-11.0,158115.0,242473.0,187505.0,4369.0,4369.0,5144.0,4164.0,,,,,,,,,,,,,,
1998.0,10007602,32.0,2117.0,11767.0,1763.0,-2.0,0.0,-232.0,133.0,,,,,,,,,,,,,,
1998.0,10000799,0.0,0.0,0.0,0.0,0.0,0.0,0.0,0.0,,,,,,,,,,,,,,
1998.0,10001434,3609.0,27840.0,114653.0,87082.0,2666.0,2665.0,-4003.0,520.0,,,,,,,,,,,,,,
1998.0,10241385,3080.0,15610.0,18384.0,22939.0,895.0,757.0,-8327.0,0.0,,,,,,,,,,,,,,
1998.0,10242110,149774.0,262168.0,523341.0,290475.0,9700.0,9934.0,5463.0,17045.0,,,,,,,,,,,,,,
1998.0,10241795,0.0,0.0,0.0,0.0,0.0,0.0,0.0,0.0,,,,,,,,,,,,,,
1998.0,10241589,1660.0,4922.0,7907.0,7050.0,-113.0,-4.0,-1428.0,150.0,,,,,,,,,,,,,,
1998.0,10241946,507.0,1064.0,5086.0,377.0,1.0,-2.0,468.0,188.0,,,,,,,,,,,,,,
1998.0,10242134,15632.0,82641.0,203365.0,195229.0,-59.0,-172.0,-26862.0,0.0,,,,,,,,,,,,,,
1998.0,10529709,6373.0,12892.0,24404.0,10867.0,990.0,302.0,2273.0,0.0,,,,,,,,,,,,,,
1998.0,10242011,280.0,1015.0,2161.0,596.0,-5.0,-8.0,90.0,0.0,,,,,,,,,,,,,,
1998.0,10242475,0.0,0.0,0.0,0.0,0.0,0.0,0.0,0.0,,,,,,,,,,,,,,
1998.0,10242368,3841.0,17173.0,91350.0,76575.0,3034.0,0.0,-18086.0,0.0,,,,,,,,,,,,,,
1998.0,10242863,1.0,1450.0,1942.0,284.0,-11.0,-11.0,0.0,0.0,,,,,,,,,,,,,,
1998.0,10001071,20191.0,74451.0,137911.0,99212.0,3755.0,3755.0,535.0,411.0,,,,,,,,,,,,,,
1998.0,10515412,0.0,0.0,0.0,0.0,0.0,0.0,0.0,0.0,,,,,,,,,,,,,,
1998.0,10001138,1093.0,17958.0,33477.0,18977.0,1958.0,1958.0,0.0,161.0,,,,,,,,,,,,,,
1998.0,10001132,395.0,1999.0,2266.0,1550.0,36.0,0.0,-119.0,325.0,,,,,,,,,,,,,,
1998.0,10004560,0.0,0.0,0.0,0.0,0.0,0.0,0.0,0.0,,,,,,,,,,,,,,
1998.0,10003185,-115.0,299.0,698.0,204.0,0.0,0.0,-6.0,24.0,,,,,,,,,,,,,,
1998.0,10241329,161.0,1500.0,1552.0,3062.0,47.0,47.0,-384.0,7.0,,,,,,,,,,,,,,
1998.0,10001424,29414.0,103756.0,179507.0,127468.0,320.0,3198.0,3589.0,0.0,,,,,,,,,,,,,,
1998.0,10003546,30482.0,142894.0,543587.0,382978.0,8730.0,8730.0,1512.0,3923.0,,,,,,,,,,,,,,
1998.0,10003332,10988.0,61785.0,116694.0,74384.0,305.0,305.0,73.0,4563.0,,,,,,,,,,,,,,
1998.0,10004075,7707.0,25319.0,64789.0,62162.0,75.0,70.0,75.0,547.0,,,,,,,,,,,,,,
1998.0,10001185,939.0,94172.0,320072.0,198756.0,6701.0,5191.0,238.0,609.0,,,,,,,,,,,,,,
1998.0,10001856,0.0,0.0,0.0,0.0,0.0,0.0,0.0,0.0,,,,,,,,,,,,,,
1998.0,10000856,70267.0,469986.0,1041878.0,777377.0,39520.0,39531.0,3.0,15372.0,,,,,,,,,,,,,,
1998.0,10003314,0.0,0.0,0.0,0.0,0.0,0.0,0.0,0.0,,,,,,,,,,,,,,
1998.0,10004978,0.0,0.0,0.0,0.0,0.0,0.0,0.0,0.0,,,,,,,,,,,,,,
1998.0,10002209,0.0,0.0,0.0,0.0,0.0,0.0,0.0,0.0,,,,,,,,,,,,,,
1998.0,10001119,0.0,0.0,0.0,0.0,0.0,0.0,0.0,0.0,,,,,,,,,,,,,,
1998.0,10002385,0.0,0.0,0.0,0.0,0.0,0.0,0.0,0.0,,,,,,,,,,,,,,
1998.0,10002549,0.0,0.0,0.0,0.0,0.0,0.0,0.0,0.0,,,,,,,,,,,,,,
1998.0,10002552,0.0,0.0,0.0,0.0,0.0,0.0,0.0,0.0,,,,,,,,,,,,,,
1998.0,10002553,0.0,0.0,0.0,0.0,0.0,0.0,0.0,0.0,,,,,,,,,,,,,,
1998.0,10002551,0.0,0.0,0.0,0.0,0.0,0.0,0.0,0.0,,,,,,,,,,,,,,
1998.0,10002556,0.0,0.0,0.0,0.0,0.0,0.0,0.0,0.0,,,,,,,,,,,,,,
1998.0,10001426,47258.0,100415.0,174562.0,128428.0,4029.0,4029.0,-10018.0,3857.0,,,,,,,,,,,,,,
1998.0,10241818,0.0,0.0,0.0,0.0,0.0,0.0,0.0,0.0,,,,,,,,,,,,,,
1998.0,10002314,0.0,0.0,0.0,0.0,0.0,0.0,0.0,0.0,,,,,,,,,,,,,,
1998.0,10002965,0.0,0.0,0.0,0.0,0.0,0.0,0.0,0.0,,,,,,,,,,,,,,
1998.0,10002310,0.0,0.0,0.0,0.0,0.0,0.0,0.0,0.0,,,,,,,,,,,,,,
1998.0,10002311,0.0,0.0,0.0,0.0,0.0,0.0,0.0,0.0,,,,,,,,,,,,,,
1998.0,10002313,0.0,0.0,0.0,0.0,0.0,0.0,0.0,0.0,,,,,,,,,,,,,,
1998.0,10001435,30000.0,140000.0,200000.0,160000.0,5500.0,5500.0,-9500.0,100.0,,,,,,,,,,,,,,
1998.0,10004357,6837.0,11431.0,13382.0,7659.0,-33.0,-33.0,4317.0,1670.0,,,,,,,,,,,,,,
1998.0,10004375,0.0,0.0,0.0,0.0,0.0,0.0,0.0,0.0,,,,,,,,,,,,,,
1998.0,10001428,0.0,0.0,0.0,0.0,0.0,0.0,0.0,0.0,,,,,,,,,,,,,,
1998.0,10002986,0.0,0.0,0.0,0.0,0.0,0.0,0.0,0.0,,,,,,,,,,,,,,
1998.0,10004279,3390.0,23860.0,55760.0,35580.0,730.0,730.0,-2000.0,801.0,,,,,,,,,,,,,,
1998.0,10242501,0.0,0.0,0.0,0.0,0.0,0.0,0.0,0.0,,,,,,,,,,,,,,
1998.0,10004487,0.0,0.0,0.0,0.0,0.0,0.0,0.0,0.0,,,,,,,,,,,,,,
1998.0,10242197,0.0,0.0,0.0,0.0,0.0,0.0,0.0,0.0,,,,,,,,,,,,,,
1998.0,10003895,0.0,0.0,0.0,0.0,0.0,0.0,0.0,0.0,,,,,,,,,,,,,,
1998.0,10006521,0.0,0.0,0.0,0.0,0.0,0.0,0.0,0.0,,,,,,,,,,,,,,
1998.0,10002780,0.0,0.0,0.0,0.0,0.0,0.0,0.0,0.0,,,,,,,,,,,,,,
1998.0,10318043,0.0,0.0,0.0,0.0,0.0,0.0,0.0,0.0,,,,,,,,,,,,,,
1998.0,10309949,0.0,0.0,0.0,0.0,0.0,0.0,0.0,0.0,,,,,,,,,,,,,,
1998.0,10002935,0.0,0.0,0.0,0.0,0.0,0.0,0.0,0.0,,,,,,,,,,,,,,
1998.0,10001519,0.0,0.0,0.0,0.0,0.0,0.0,0.0,0.0,,,,,,,,,,,,,,
1998.0,10003159,0.0,0.0,0.0,0.0,0.0,0.0,0.0,0.0,,,,,,,,,,,,,,
1998.0,10003195,0.0,0.0,0.0,0.0,0.0,0.0,0.0,0.0,,,,,,,,,,,,,,
1998.0,10528648,0.0,0.0,0.0,0.0,0.0,0.0,0.0,0.0,,,,,,,,,,,,,,
1998.0,10004640,0.0,0.0,0.0,0.0,0.0,0.0,0.0,0.0,,,,,,,,,,,,,,
1998.0,10004054,449.0,1370.0,1473.0,1202.0,0.0,0.0,3.0,20.0,,,,,,,,,,,,,,
1998.0,10241420,4785.0,28383.0,31152.0,22871.0,299.0,12.0,216.0,501.0,,,,,,,,,,,,,,
1998.0,10004868,0.0,0.0,0.0,0.0,0.0,0.0,0.0,0.0,,,,,,,,,,,,,,
1998.0,10000911,0.0,0.0,0.0,0.0,0.0,0.0,0.0,0.0,,,,,,,,,,,,,,
1998.0,10001253,0.0,0.0,0.0,0.0,0.0,0.0,0.0,0.0,,,,,,,,,,,,,,
1998.0,10241793,0.0,27135.0,51361.0,16320.0,-37.0,0.0,4251.0,285.0,,,,,,,,,,,,,,
1998.0,10003808,0.0,0.0,0.0,0.0,0.0,0.0,0.0,0.0,,,,,,,,,,,,,,
1998.0,10006465,0.0,0.0,0.0,0.0,0.0,0.0,0.0,0.0,,,,,,,,,,,,,,
1998.0,10002208,0.0,0.0,0.0,0.0,0.0,0.0,0.0,0.0,,,,,,,,,,,,,,
1998.0,10007320,0.0,177.0,526.0,117.0,0.0,0.0,30.0,38.0,,,,,,,,,,,,,,
1998.0,10004844,0.0,0.0,0.0,0.0,0.0,0.0,0.0,0.0,,,,,,,,,,,,,,
1998.0,10002261,50414.0,111636.0,151727.0,116937.0,-111.0,-111.0,-2587.0,5579.0,,,,,,,,,,,,,,
1998.0,10241657,575.0,9416.0,10562.0,5566.0,294.0,0.0,9.0,372.0,,,,,,,,,,,,,,
1998.0,10241855,6213.0,21404.0,116374.0,64595.0,6184.0,6176.0,-19992.0,0.0,,,,,,,,,,,,,,
1998.0,10241972,0.0,36839.0,194704.0,190389.0,11488.0,11488.0,-33764.0,0.0,,,,,,,,,,,,,,
1998.0,10309884,171.0,16450.0,27793.0,2821.0,316.0,0.0,602.0,0.0,,,,,,,,,,,,,,
1998.0,10241807,29.0,1165.0,1612.0,0.0,-2.0,0.0,-294.0,97.0,,,,,,,,,,,,,,
1998.0,10003145,0.0,905.0,1309.0,1177.0,0.0,0.0,-219.0,3.0,,,,,,,,,,,,,,
1998.0,10003702,8869.0,28770.0,37753.0,46365.0,-6.0,-6.0,-2360.0,292.0,,,,,,,,,,,,,,
1998.0,10001776,0.0,0.0,0.0,0.0,0.0,0.0,0.0,0.0,,,,,,,,,,,,,,
1998.0,10001774,0.0,0.0,0.0,0.0,0.0,0.0,0.0,0.0,,,,,,,,,,,,,,
1998.0,10002774,375.0,5379.0,8271.0,4837.0,-65.0,0.0,105.0,165.0,,,,,,,,,,,,,,
1998.0,10002316,75872.0,136545.0,306049.0,99864.0,-693.0,-693.0,2019.0,5400.0,,,,,,,,,,,,,,
1998.0,10000885,38679.0,88332.0,94312.0,79608.0,959.0,959.0,877.0,4349.0,,,,,,,,,,,,,,
1998.0,10000884,0.0,0.0,0.0,0.0,0.0,0.0,0.0,0.0,,,,,,,,,,,,,,
1998.0,10000792,20504.0,39185.0,74882.0,45479.0,1137.0,1133.0,513.0,2526.0,,,,,,,,,,,,,,
1998.0,10006691,0.0,1765.0,1855.0,1241.0,0.0,0.0,-161.0,0.0,,,,,,,,,,,,,,
1998.0,10006672,188.0,2900.0,4870.0,1520.0,0.0,-200.0,29.0,181.0,,,,,,,,,,,,,,
1998.0,10008141,997.0,16089.0,32387.0,16213.0,437.0,437.0,-569.0,1203.0,,,,,,,,,,,,,,
1998.0,10002784,21418.0,86653.0,159928.0,112260.0,417.0,118.0,-8692.0,220.0,,,,,,,,,,,,,,
1998.0,10002775,2589.0,22501.0,33555.0,18139.0,332.0,363.0,166.0,1758.0,,,,,,,,,,,,,,
1998.0,10241932,1496.0,5826.0,6320.0,4892.0,-70.0,-70.0,128.0,230.0,,,,,,,,,,,,,,
1998.0,10241959,19.0,10709.0,16886.0,6783.0,275.0,261.0,585.0,312.0,,,,,,,,,,,,,,
1998.0,10242430,24099.0,21139.0,70675.0,42005.0,1368.0,585.0,383.0,1853.0,,,,,,,,,,,,,,
1998.0,10007032,0.0,0.0,0.0,0.0,0.0,0.0,0.0,0.0,,,,,,,,,,,,,,
1998.0,10007040,0.0,0.0,0.0,0.0,0.0,0.0,0.0,0.0,,,,,,,,,,,,,,
1998.0,10001446,2870.0,38203.0,143585.0,57568.0,911.0,911.0,-4899.0,1147.0,,,,,,,,,,,,,,
1998.0,10241561,0.0,662.0,1300.0,313.0,-2.0,-2.0,-82.0,39.0,,,,,,,,,,,,,,
1998.0,10005190,1089.0,7932.0,129745.0,122862.0,-3.0,-3.0,0.0,0.0,,,,,,,,,,,,,,
1998.0,10006957,1454.0,54539.0,125609.0,113697.0,968.0,968.0,150.0,1803.0,,,,,,,,,,,,,,
1998.0,10241582,0.0,17400.0,19228.0,24025.0,396.0,396.0,-4925.0,0.0,,,,,,,,,,,,,,
1998.0,10001052,278.0,2943.0,9031.0,3790.0,23.0,23.0,0.0,94.0,,,,,,,,,,,,,,
1998.0,10000868,0.0,17210.0,31407.0,25101.0,0.0,0.0,4.0,135.0,,,,,,,,,,,,,,
1998.0,10242366,0.0,0.0,0.0,0.0,0.0,0.0,0.0,0.0,,,,,,,,,,,,,,
1998.0,10309900,0.0,0.0,0.0,0.0,0.0,0.0,0.0,0.0,,,,,,,,,,,,,,
1998.0,10241558,0.0,1662.0,2103.0,1502.0,-1.0,-1.0,-112.0,13.0,,,,,,,,,,,,,,
1998.0,10001076,11800.0,33618.0,62084.0,46320.0,1591.0,1591.0,4.0,1269.0,,,,,,,,,,,,,,
1998.0,10241533,596.0,9588.0,13804.0,9205.0,256.0,112.0,1196.0,1438.0,,,,,,,,,,,,,,
1998.0,10241513,3752.0,3171.0,7432.0,291.0,-6.0,-6.0,1384.0,998.0,,,,,,,,,,,,,,
1998.0,10002849,9.0,8262.0,16947.0,8824.0,415.0,415.0,0.0,0.0,,,,,,,,,,,,,,
1998.0,10001075,4130.0,15188.0,33765.0,24049.0,0.0,0.0,5.0,0.0,,,,,,,,,,,,,,
1998.0,10000916,3242.0,12489.0,18185.0,10718.0,-7.0,-7.0,49.0,722.0,,,,,,,,,,,,,,
1998.0,10001056,1610.0,6599.0,16076.0,6050.0,29.0,29.0,127.0,211.0,,,,,,,,,,,,,,
1998.0,10000878,16167.0,104809.0,169936.0,155679.0,4567.0,4567.0,0.0,1137.0,,,,,,,,,,,,,,
1998.0,10001053,208.0,6478.0,8969.0,5527.0,-7.0,-7.0,6.0,176.0,,,,,,,,,,,,,,
1998.0,10241509,0.0,1714.0,1839.0,1344.0,-1.0,-1.0,-444.0,38.0,,,,,,,,,,,,,,
1998.0,10241508,0.0,0.0,0.0,0.0,0.0,0.0,0.0,0.0,,,,,,,,,,,,,,
1998.0,10006547,149.0,3972.0,7454.0,4786.0,29.0,29.0,0.0,138.0,,,,,,,,,,,,,,
1998.0,10001087,304.0,7638.0,29313.0,26293.0,-5.0,-6.0,0.0,61.0,,,,,,,,,,,,,,
1998.0,10001074,2257.0,28359.0,140263.0,31247.0,395.0,395.0,200.0,475.0,,,,,,,,,,,,,,
1998.0,10241511,7569.0,11162.0,14907.0,11368.0,-9.0,-9.0,1.0,580.0,,,,,,,,,,,,,,
1998.0,10001091,597.0,3882.0,10045.0,6745.0,32.0,32.0,2.0,295.0,,,,,,,,,,,,,,
1998.0,10001065,0.0,13785.0,33485.0,21441.0,-8.0,-8.0,-1435.0,173.0,,,,,,,,,,,,,,
1998.0,10001160,4318.0,13674.0,40427.0,25920.0,300.0,296.0,65.0,837.0,,,,,,,,,,,,,,
1998.0,10000738,1091.0,19279.0,45530.0,35830.0,78.0,78.0,0.0,719.0,,,,,,,,,,,,,,
1998.0,10001083,1636.0,6636.0,23380.0,12980.0,548.0,544.0,11.0,546.0,,,,,,,,,,,,,,
1998.0,10241563,729.0,5238.0,6392.0,4523.0,238.0,237.0,432.0,640.0,,,,,,,,,,,,,,
1998.0,10001077,2067.0,16960.0,52731.0,25974.0,110.0,110.0,50.0,0.0,,,,,,,,,,,,,,
1998.0,10001082,1185.0,12814.0,31218.0,25474.0,118.0,118.0,-1181.0,4.0,,,,,,,,,,,,,,
1998.0,10003306,5346.0,10021.0,87956.0,14616.0,579.0,579.0,0.0,303.0,,,,,,,,,,,,,,
1998.0,10001308,4175.0,8192.0,12490.0,9530.0,-1.0,-1.0,7.0,316.0,,,,,,,,,,,,,,
1998.0,10006448,5287.0,19496.0,60073.0,29478.0,488.0,483.0,0.0,1109.0,,,,,,,,,,,,,,
1998.0,10001226,3237.0,23411.0,32982.0,32830.0,110.0,110.0,0.0,94.0,,,,,,,,,,,,,,
1998.0,10242256,2044.0,4227.0,14428.0,4034.0,-5.0,-5.0,-1776.0,110.0,,,,,,,,,,,,,,
1998.0,10004242,6920.0,20834.0,36330.0,27836.0,143.0,143.0,19.0,966.0,,,,,,,,,,,,,,
1998.0,10001093,6644.0,73272.0,105857.0,80911.0,329.0,35.0,22.0,109.0,,,,,,,,,,,,,,
1998.0,10241472,40.0,1861.0,7065.0,3087.0,1.0,0.0,-300.0,125.0,,,,,,,,,,,,,,
1998.0,10001891,14782.0,45625.0,64052.0,35689.0,369.0,369.0,0.0,1078.0,,,,,,,,,,,,,,
1998.0,10003660,7074.0,20594.0,28873.0,21797.0,1.0,1.0,0.0,59.0,,,,,,,,,,,,,,
1998.0,10241354,-292.0,1088.0,1642.0,1042.0,0.0,0.0,-121.0,3.0,,,,,,,,,,,,,,
1998.0,10001055,7227.0,19734.0,25916.0,22256.0,569.0,566.0,150.0,2048.0,,,,,,,,,,,,,,
1998.0,10000831,8.0,51528.0,98950.0,65056.0,96.0,96.0,986.0,1397.0,,,,,,,,,,,,,,
1998.0,10001341,1064.0,19448.0,111736.0,102657.0,20.0,20.0,5.0,493.0,,,,,,,,,,,,,,
1998.0,10241431,96.0,2963.0,7078.0,4105.0,46.0,46.0,-1137.0,99.0,,,,,,,,,,,,,,
1998.0,10001458,1300.0,27681.0,64481.0,54749.0,600.0,600.0,30.0,468.0,,,,,,,,,,,,,,
1998.0,10242416,0.0,0.0,0.0,0.0,0.0,0.0,0.0,0.0,,,,,,,,,,,,,,
1998.0,10004029,0.0,0.0,0.0,0.0,0.0,0.0,0.0,0.0,,,,,,,,,,,,,,
1998.0,10002376,4533.0,34832.0,73274.0,45940.0,1163.0,1163.0,0.0,540.0,,,,,,,,,,,,,,
1998.0,10001241,0.0,0.0,0.0,0.0,0.0,0.0,0.0,0.0,,,,,,,,,,,,,,
1998.0,10001175,0.0,1006.0,4331.0,4331.0,0.0,0.0,47.0,5.0,,,,,,,,,,,,,,
1998.0,10241799,32.0,803.0,1453.0,660.0,0.0,0.0,-171.0,72.0,,,,,,,,,,,,,,
1998.0,10242329,0.0,989.0,5193.0,2093.0,23.0,23.0,-1.0,0.0,,,,,,,,,,,,,,
1998.0,10241507,26685.0,100421.0,152718.0,109714.0,3334.0,2325.0,1009.0,1859.0,,,,,,,,,,,,,,
1998.0,10241710,13546.0,69914.0,341391.0,180681.0,11593.0,11102.0,32691.0,18078.0,,,,,,,,,,,,,,
1998.0,10241681,235.0,20960.0,116662.0,72471.0,909.0,909.0,-3869.0,786.0,,,,,,,,,,,,,,
1998.0,10241504,0.0,0.0,0.0,0.0,0.0,0.0,0.0,0.0,,,,,,,,,,,,,,
1998.0,10004528,0.0,0.0,0.0,0.0,0.0,0.0,0.0,0.0,,,,,,,,,,,,,,
1998.0,10242316,0.0,0.0,0.0,0.0,0.0,0.0,0.0,0.0,,,,,,,,,,,,,,
1998.0,10242137,0.0,0.0,0.0,0.0,0.0,0.0,0.0,0.0,,,,,,,,,,,,,,
1998.0,10242209,10921.0,29837.0,453314.0,294623.0,20000.0,15280.0,-42902.0,0.0,,,,,,,,,,,,,,
1998.0,10242227,14925.0,30413.0,129163.0,15839.0,803.0,768.0,0.0,2840.0,,,,,,,,,,,,,,
1998.0,10241823,15.0,36083.0,61239.0,34683.0,-33.0,-51.0,1810.0,1570.0,,,,,,,,,,,,,,
1998.0,10004351,187.0,3685.0,4824.0,5835.0,-5.0,-6.0,96.0,0.0,,,,,,,,,,,,,,
1998.0,10242076,0.0,0.0,0.0,0.0,0.0,0.0,0.0,0.0,,,,,,,,,,,,,,
1998.0,10241826,56.0,1983.0,5823.0,2672.0,-12.0,-12.0,0.0,144.0,,,,,,,,,,,,,,
1998.0,10241816,-305.0,15965.0,38817.0,29234.0,1365.0,1323.0,0.0,535.0,,,,,,,,,,,,,,
1998.0,10242130,261.0,1626.0,11857.0,4694.0,101.0,0.0,0.0,0.0,,,,,,,,,,,,,,
1998.0,10241833,204.0,991.0,2390.0,1909.0,1.0,0.0,0.0,55.0,,,,,,,,,,,,,,
1998.0,10241713,0.0,3675.0,7491.0,3281.0,276.0,0.0,0.0,228.0,,,,,,,,,,,,,,
1998.0,10241727,109.0,1014.0,1375.0,701.0,1.0,0.0,0.0,10.0,,,,,,,,,,,,,,
1998.0,10241787,0.0,0.0,0.0,0.0,0.0,0.0,0.0,0.0,,,,,,,,,,,,,,
1998.0,10241827,0.0,739.0,5364.0,1079.0,0.0,0.0,0.0,0.0,,,,,,,,,,,,,,
1998.0,10242399,0.0,0.0,0.0,0.0,0.0,0.0,0.0,0.0,,,,,,,,,,,,,,
1998.0,10242677,42.0,33424.0,264784.0,83161.0,5674.0,5074.0,0.0,0.0,,,,,,,,,,,,,,
1998.0,10242696,2164.0,4863.0,9667.0,437.0,-21.0,-21.0,1880.0,1685.0,,,,,,,,,,,,,,
1998.0,10242903,0.0,0.0,0.0,0.0,0.0,0.0,0.0,0.0,,,,,,,,,,,,,,
1998.0,10000867,3784.0,61683.0,88483.0,57895.0,1347.0,1347.0,1010.0,1298.0,,,,,,,,,,,,,,
1998.0,10001029,2701.0,20482.0,51430.0,37285.0,700.0,692.0,442.0,454.0,,,,,,,,,,,,,,
1998.0,10000718,18555.0,33175.0,56739.0,55440.0,3337.0,3337.0,-8804.0,506.0,,,,,,,,,,,,,,
1998.0,10000733,4528.0,16702.0,27548.0,18987.0,40.0,64.0,906.0,3615.0,,,,,,,,,,,,,,
1998.0,10000735,17405.0,80210.0,103670.0,73793.0,2842.0,2840.0,169.0,4010.0,,,,,,,,,,,,,,
1998.0,10000927,5193.0,26045.0,60077.0,44919.0,806.0,172.0,-200.0,7.0,,,,,,,,,,,,,,
1998.0,10000964,1552.0,9289.0,25535.0,16571.0,160.0,160.0,202.0,446.0,,,,,,,,,,,,,,
1998.0,10000967,1545.0,3354.0,3765.0,7758.0,132.0,132.0,-492.0,0.0,,,,,,,,,,,,,,
1998.0,10001116,1492.0,13311.0,27677.0,14580.0,165.0,165.0,161.0,1819.0,,,,,,,,,,,,,,
1998.0,10001137,4351.0,5659.0,6840.0,12096.0,522.0,522.0,313.0,79.0,,,,,,,,,,,,,,
1998.0,10001355,0.0,0.0,0.0,0.0,0.0,0.0,0.0,0.0,,,,,,,,,,,,,,
1998.0,10001476,0.0,0.0,0.0,0.0,0.0,0.0,0.0,0.0,,,,,,,,,,,,,,
1998.0,10001494,620.0,2535.0,3315.0,3142.0,98.0,98.0,-670.0,41.0,,,,,,,,,,,,,,
1998.0,10001517,95.0,5921.0,10440.0,6825.0,33.0,33.0,52.0,145.0,,,,,,,,,,,,,,
1998.0,10001526,2302.0,7118.0,10153.0,13348.0,501.0,501.0,-742.0,21.0,,,,,,,,,,,,,,
1998.0,10001543,0.0,0.0,0.0,0.0,0.0,0.0,0.0,0.0,,,,,,,,,,,,,,
1998.0,10001622,0.0,0.0,0.0,0.0,0.0,0.0,0.0,0.0,,,,,,,,,,,,,,
1998.0,10001675,2685.0,6541.0,14861.0,8236.0,38.0,38.0,204.0,1546.0,,,,,,,,,,,,,,
1998.0,10001758,1618.0,11307.0,17757.0,10873.0,-100.0,-100.0,591.0,1785.0,,,,,,,,,,,,,,
1998.0,10001784,1668.0,4089.0,6493.0,2748.0,-14.0,-14.0,135.0,1224.0,,,,,,,,,,,,,,
1998.0,10001826,136.0,799.0,2006.0,2017.0,0.0,0.0,0.0,15.0,,,,,,,,,,,,,,
1998.0,10001926,890.0,3824.0,6016.0,7576.0,436.0,436.0,-1731.0,176.0,,,,,,,,,,,,,,
1998.0,10001929,1276.0,5540.0,8213.0,5808.0,29.0,0.0,80.0,1086.0,,,,,,,,,,,,,,
1998.0,10001935,169.0,1974.0,3016.0,2965.0,118.0,118.0,-188.0,222.0,,,,,,,,,,,,,,
1998.0,10001994,430.0,3782.0,10626.0,7323.0,149.0,149.0,-637.0,202.0,,,,,,,,,,,,,,
1998.0,10001995,914.0,4154.0,12898.0,669.0,-28.0,-28.0,11.0,0.0,,,,,,,,,,,,,,
1998.0,10001997,803.0,1447.0,5325.0,3610.0,75.0,0.0,-75.0,769.0,,,,,,,,,,,,,,
1998.0,10002013,472.0,2713.0,5520.0,4360.0,69.0,68.0,94.0,327.0,,,,,,,,,,,,,,
1998.0,10002044,0.0,0.0,0.0,0.0,0.0,0.0,0.0,0.0,,,,,,,,,,,,,,
1998.0,10002057,0.0,0.0,0.0,0.0,0.0,0.0,0.0,0.0,,,,,,,,,,,,,,
1998.0,10002096,0.0,0.0,0.0,0.0,0.0,0.0,0.0,0.0,,,,,,,,,,,,,,
1998.0,10002101,445.0,5811.0,9896.0,3238.0,-57.0,-57.0,61.0,741.0,,,,,,,,,,,,,,
1998.0,10002106,0.0,0.0,0.0,0.0,0.0,0.0,0.0,0.0,,,,,,,,,,,,,,
1998.0,10002183,0.0,0.0,0.0,0.0,0.0,0.0,0.0,0.0,,,,,,,,,,,,,,
1998.0,10002189,0.0,0.0,0.0,0.0,0.0,0.0,0.0,0.0,,,,,,,,,,,,,,
1998.0,10002213,133.0,5061.0,9227.0,8994.0,-6.0,-6.0,100.0,0.0,,,,,,,,,,,,,,
1998.0,10002229,681.0,6378.0,8997.0,6552.0,53.0,51.0,-738.0,1698.0,,,,,,,,,,,,,,
1998.0,10002250,876.0,2711.0,3212.0,2691.0,115.0,115.0,52.0,401.0,,,,,,,,,,,,,,
1998.0,10002317,3124.0,22657.0,29703.0,26253.0,1060.0,1059.0,0.0,860.0,,,,,,,,,,,,,,
1998.0,10002319,669.0,25529.0,61590.0,52188.0,0.0,0.0,450.0,493.0,,,,,,,,,,,,,,
1998.0,10002324,3703.0,7708.0,13855.0,5199.0,-31.0,-31.0,1508.0,2339.0,,,,,,,,,,,,,,
1998.0,10002353,0.0,0.0,0.0,0.0,0.0,0.0,0.0,0.0,,,,,,,,,,,,,,
1998.0,10002896,0.0,0.0,0.0,0.0,0.0,0.0,0.0,0.0,,,,,,,,,,,,,,
1998.0,10003034,0.0,0.0,0.0,0.0,0.0,0.0,0.0,0.0,,,,,,,,,,,,,,
1998.0,10003200,0.0,0.0,0.0,0.0,0.0,0.0,0.0,0.0,,,,,,,,,,,,,,
1998.0,10003251,-2798.0,49038.0,69123.0,47760.0,-311.0,-311.0,5342.0,6757.0,,,,,,,,,,,,,,
1998.0,10003294,0.0,0.0,0.0,0.0,0.0,0.0,0.0,0.0,,,,,,,,,,,,,,
1998.0,10003295,0.0,0.0,0.0,0.0,0.0,0.0,0.0,0.0,,,,,,,,,,,,,,
1998.0,10003359,1399.0,4396.0,23383.0,12539.0,472.0,472.0,407.0,1860.0,,,,,,,,,,,,,,
1998.0,10003362,517.0,3672.0,9645.0,11855.0,169.0,168.0,-500.0,292.0,,,,,,,,,,,,,,
1998.0,10003441,4551.0,26424.0,32293.0,27314.0,149.0,149.0,605.0,316.0,,,,,,,,,,,,,,
1998.0,10003542,923.0,2363.0,9802.0,9172.0,128.0,127.0,-197.0,552.0,,,,,,,,,,,,,,
1998.0,10003550,1560.0,24814.0,37327.0,18776.0,-168.0,-168.0,1526.0,3529.0,,,,,,,,,,,,,,
1998.0,10003654,1353.0,2318.0,6029.0,2852.0,108.0,108.0,-105.0,1002.0,,,,,,,,,,,,,,
1998.0,10003659,236.0,3879.0,5830.0,4448.0,82.0,82.0,0.0,120.0,,,,,,,,,,,,,,
1998.0,10003669,0.0,0.0,0.0,0.0,0.0,0.0,0.0,0.0,,,,,,,,,,,,,,
1998.0,10003671,2293.0,5959.0,13182.0,18187.0,1029.0,1029.0,-2688.0,0.0,,,,,,,,,,,,,,
1998.0,10003738,0.0,0.0,0.0,0.0,0.0,0.0,0.0,0.0,,,,,,,,,,,,,,
1998.0,10003813,868.0,2434.0,4459.0,4101.0,104.0,104.0,-586.0,2.0,,,,,,,,,,,,,,
1998.0,10004038,16269.0,28121.0,48145.0,25477.0,475.0,475.0,-961.0,44.0,,,,,,,,,,,,,,
1998.0,10004100,1589.0,7783.0,11619.0,9287.0,393.0,388.0,1.0,627.0,,,,,,,,,,,,,,
1998.0,10004102,0.0,0.0,0.0,0.0,0.0,0.0,0.0,0.0,,,,,,,,,,,,,,
1998.0,10004119,11392.0,18340.0,25005.0,25863.0,2379.0,2379.0,-4163.0,60.0,,,,,,,,,,,,,,
1998.0,10004120,8358.0,16753.0,25784.0,23442.0,1522.0,1522.0,-2787.0,665.0,,,,,,,,,,,,,,
1998.0,10004127,55398.0,69050.0,117421.0,249906.0,18873.0,18873.0,-29646.0,0.0,,,,,,,,,,,,,,
1998.0,10004160,0.0,0.0,0.0,0.0,0.0,0.0,0.0,0.0,,,,,,,,,,,,,,
1998.0,10004169,963.0,5602.0,11042.0,13880.0,573.0,573.0,-999.0,7.0,,,,,,,,,,,,,,
1998.0,10004276,2528.0,35212.0,93489.0,127585.0,6707.0,6707.0,-15517.0,335.0,,,,,,,,,,,,,,
1998.0,10004286,1676.0,7553.0,12146.0,7390.0,50.0,50.0,1347.0,2155.0,,,,,,,,,,,,,,
1998.0,10004319,1602.0,15983.0,42527.0,3961.0,-299.0,-50.0,7057.0,3262.0,,,,,,,,,,,,,,
1998.0,10004336,0.0,0.0,0.0,0.0,0.0,0.0,0.0,0.0,,,,,,,,,,,,,,
1998.0,10004371,871.0,19351.0,38975.0,12412.0,222.0,7.0,1471.0,1260.0,,,,,,,,,,,,,,
1998.0,10004407,78.0,1347.0,3754.0,1790.0,-3.0,-3.0,-473.0,45.0,,,,,,,,,,,,,,
1998.0,10004461,22543.0,42215.0,100768.0,126173.0,4390.0,4408.0,-13927.0,5616.0,,,,,,,,,,,,,,
1998.0,10004743,0.0,0.0,0.0,0.0,0.0,0.0,0.0,0.0,,,,,,,,,,,,,,
1998.0,10004747,0.0,0.0,0.0,0.0,0.0,0.0,0.0,0.0,,,,,,,,,,,,,,
1998.0,10004904,135.0,513.0,2667.0,4583.0,198.0,198.0,-1024.0,0.0,,,,,,,,,,,,,,
1998.0,10005440,11839.0,66158.0,105717.0,71378.0,2101.0,2101.0,-1876.0,309.0,,,,,,,,,,,,,,
1998.0,10006121,674.0,18946.0,28133.0,26139.0,553.0,553.0,-669.0,1071.0,,,,,,,,,,,,,,
1998.0,10006731,1435.0,10621.0,34511.0,35555.0,1860.0,1860.0,-3891.0,1158.0,,,,,,,,,,,,,,
1998.0,10006842,655.0,8250.0,11566.0,15233.0,1497.0,1497.0,-3130.0,0.0,,,,,,,,,,,,,,
1998.0,10007411,174.0,10161.0,16476.0,16394.0,146.0,146.0,-516.0,505.0,,,,,,,,,,,,,,
1998.0,10008025,0.0,6292.0,13884.0,1467.0,0.0,0.0,-272.0,0.0,,,,,,,,,,,,,,
1998.0,10008164,61.0,4058.0,8941.0,17153.0,947.0,947.0,-2454.0,0.0,,,,,,,,,,,,,,
1998.0,10008453,90.0,3869.0,5229.0,9095.0,352.0,352.0,-985.0,162.0,,,,,,,,,,,,,,
1998.0,10241313,306.0,581.0,4484.0,4873.0,-1.0,-1.0,-584.0,148.0,,,,,,,,,,,,,,
1998.0,10241389,11718.0,42841.0,59514.0,36658.0,2247.0,0.0,2098.0,5363.0,,,,,,,,,,,,,,
1998.0,10241435,0.0,0.0,0.0,0.0,0.0,0.0,0.0,0.0,,,,,,,,,,,,,,
1998.0,10241453,0.0,0.0,0.0,0.0,0.0,0.0,0.0,0.0,,,,,,,,,,,,,,
1998.0,10241458,5644.0,23650.0,90562.0,5311.0,361.0,183.0,-917.0,0.0,,,,,,,,,,,,,,
1998.0,10241468,4218.0,13851.0,46598.0,25204.0,576.0,763.0,0.0,1606.0,,,,,,,,,,,,,,
1998.0,10241488,1052.0,8841.0,13597.0,6117.0,-46.0,-46.0,36.0,7.0,,,,,,,,,,,,,,
1998.0,10241495,0.0,0.0,0.0,0.0,0.0,0.0,0.0,0.0,,,,,,,,,,,,,,
1998.0,10241536,0.0,0.0,0.0,0.0,0.0,0.0,0.0,0.0,,,,,,,,,,,,,,
1998.0,10241639,970.0,4351.0,14561.0,3019.0,-24.0,-24.0,103.0,1153.0,,,,,,,,,,,,,,
1998.0,10241849,1953.0,8458.0,60284.0,20928.0,-2552.0,628.0,-4615.0,917.0,,,,,,,,,,,,,,
1998.0,10241988,1617.0,3860.0,6810.0,3739.0,20.0,0.0,301.0,545.0,,,,,,,,,,,,,,
1998.0,10242093,0.0,0.0,0.0,0.0,0.0,0.0,0.0,0.0,,,,,,,,,,,,,,
1998.0,10242261,0.0,0.0,0.0,0.0,0.0,0.0,0.0,0.0,,,,,,,,,,,,,,
1998.0,10242322,0.0,0.0,0.0,0.0,0.0,0.0,0.0,0.0,,,,,,,,,,,,,,
1998.0,10242918,0.0,0.0,0.0,0.0,0.0,0.0,0.0,0.0,,,,,,,,,,,,,,
1998.0,10309797,0.0,0.0,0.0,0.0,0.0,0.0,0.0,0.0,,,,,,,,,,,,,,
1998.0,10309851,17966.0,35278.0,61001.0,22390.0,521.0,476.0,679.0,2848.0,,,,,,,,,,,,,,
1998.0,10309861,2573.0,7183.0,10319.0,4630.0,101.0,97.0,-82.0,439.0,,,,,,,,,,,,,,
1998.0,10309939,973.0,5706.0,9410.0,7016.0,98.0,96.0,-240.0,20.0,,,,,,,,,,,,,,
1998.0,10318633,0.0,0.0,0.0,0.0,0.0,0.0,0.0,0.0,,,,,,,,,,,,,,
1998.0,10318882,0.0,0.0,0.0,0.0,0.0,0.0,0.0,0.0,,,,,,,,,,,,,,
1998.0,10516077,0.0,0.0,0.0,0.0,0.0,0.0,0.0,0.0,,,,,,,,,,,,,,
1998.0,10003309,589.0,1999.0,2615.0,1465.0,-7.0,0.0,-6.0,253.0,,,,,,,,,,,,,,
1998.0,10003348,167.0,1838.0,3780.0,3598.0,-3.0,0.0,-351.0,0.0,,,,,,,,,,,,,,
1998.0,10003489,0.0,0.0,0.0,0.0,0.0,0.0,0.0,0.0,,,,,,,,,,,,,,
1998.0,10003316,1271.0,19424.0,72511.0,36044.0,2958.0,2958.0,-3471.0,715.0,,,,,,,,,,,,,,
1998.0,10003349,0.0,0.0,0.0,0.0,0.0,0.0,0.0,0.0,,,,,,,,,,,,,,
1998.0,10006909,0.0,0.0,0.0,0.0,0.0,0.0,0.0,0.0,,,,,,,,,,,,,,
1998.0,10005904,0.0,0.0,0.0,0.0,0.0,0.0,0.0,0.0,,,,,,,,,,,,,,
1998.0,10005948,0.0,0.0,0.0,0.0,0.0,0.0,0.0,0.0,,,,,,,,,,,,,,
1998.0,10005219,0.0,0.0,0.0,0.0,0.0,0.0,0.0,0.0,,,,,,,,,,,,,,
1998.0,10001949,781.0,1908.0,4486.0,813.0,-8.0,-8.0,-98.0,385.0,,,,,,,,,,,,,,
1998.0,10001967,12933.0,25763.0,67017.0,27393.0,1767.0,1773.0,-3000.0,2104.0,,,,,,,,,,,,,,
1998.0,10001942,1199.0,8947.0,64095.0,49722.0,635.0,635.0,-6471.0,47.0,,,,,,,,,,,,,,
1998.0,10001927,0.0,2394.0,7234.0,514.0,-23.0,0.0,-1300.0,2.0,,,,,,,,,,,,,,
1998.0,10002146,0.0,0.0,0.0,0.0,0.0,0.0,0.0,0.0,,,,,,,,,,,,,,
1998.0,10002235,85.0,11416.0,22695.0,3056.0,287.0,287.0,-4769.0,0.0,,,,,,,,,,,,,,
1998.0,10000729,0.0,0.0,0.0,0.0,0.0,0.0,0.0,0.0,,,,,,,,,,,,,,
1998.0,10004345,2408.0,7976.0,9802.0,5153.0,-4.0,-4.0,-142.0,901.0,,,,,,,,,,,,,,
1998.0,10004348,181.0,2151.0,6589.0,2488.0,-3.0,0.0,-181.0,93.0,,,,,,,,,,,,,,
1998.0,10004537,0.0,0.0,0.0,0.0,0.0,0.0,0.0,0.0,,,,,,,,,,,,,,
1998.0,10004513,0.0,0.0,0.0,0.0,0.0,0.0,0.0,0.0,,,,,,,,,,,,,,
1998.0,10006648,4694.0,95722.0,162564.0,45160.0,-2174.0,138.0,13168.0,14360.0,,,,,,,,,,,,,,
1998.0,10000726,0.0,0.0,0.0,0.0,0.0,0.0,0.0,0.0,,,,,,,,,,,,,,
1998.0,10000722,0.0,0.0,0.0,0.0,0.0,0.0,0.0,0.0,,,,,,,,,,,,,,
1998.0,10001250,0.0,0.0,0.0,0.0,0.0,0.0,0.0,0.0,,,,,,,,,,,,,,
1998.0,10002362,52.0,2829.0,3065.0,771.0,-9.0,-9.0,33.0,0.0,,,,,,,,,,,,,,
1998.0,10001294,434.0,2511.0,11432.0,7710.0,228.0,230.0,-2122.0,110.0,,,,,,,,,,,,,,
1998.0,10002921,0.0,0.0,0.0,0.0,0.0,0.0,0.0,0.0,,,,,,,,,,,,,,
1998.0,10241902,3645.0,13640.0,36823.0,23986.0,2270.0,2269.0,-4552.0,4.0,,,,,,,,,,,,,,
1998.0,10241602,128757.0,123683.0,218132.0,209940.0,9099.0,9639.0,-7962.0,0.0,,,,,,,,,,,,,,
1998.0,10309937,0.0,0.0,0.0,0.0,0.0,0.0,0.0,0.0,,,,,,,,,,,,,,
1998.0,10242445,0.0,0.0,0.0,0.0,0.0,0.0,0.0,0.0,,,,,,,,,,,,,,
1998.0,10241658,18510.0,55808.0,147472.0,63285.0,2874.0,2873.0,3396.0,5403.0,,,,,,,,,,,,,,
1998.0,10241314,39665.0,89459.0,141544.0,113506.0,4490.0,4490.0,-344.0,1196.0,,,,,,,,,,,,,,
1998.0,10241889,17217.0,91085.0,152504.0,120274.0,7554.0,7452.0,-18787.0,1167.0,,,,,,,,,,,,,,
1998.0,10241788,0.0,0.0,0.0,0.0,0.0,0.0,0.0,0.0,,,,,,,,,,,,,,
1998.0,10241674,350.0,7132.0,24624.0,8276.0,-15.0,-15.0,723.0,495.0,,,,,,,,,,,,,,
1998.0,10241668,27492.0,109211.0,221220.0,81627.0,1531.0,1515.0,-9460.0,3885.0,,,,,,,,,,,,,,
1998.0,10242214,1038.0,8802.0,31539.0,1392.0,28.0,-18.0,1161.0,0.0,,,,,,,,,,,,,,
1998.0,10241318,4105.0,11156.0,36016.0,17238.0,267.0,1556.0,-6043.0,632.0,,,,,,,,,,,,,,
1998.0,10241743,7025.0,16378.0,32122.0,10263.0,-12.0,-15.0,431.0,1186.0,,,,,,,,,,,,,,
1998.0,10242326,212.0,4090.0,5121.0,5978.0,310.0,310.0,-817.0,145.0,,,,,,,,,,,,,,
1998.0,10241316,1073.0,8256.0,9382.0,9956.0,-3.0,-3.0,-395.0,0.0,,,,,,,,,,,,,,
1998.0,10242162,19.0,959.0,10948.0,593.0,0.0,4.0,-110.0,273.0,,,,,,,,,,,,,,
1998.0,10309910,15378.0,131532.0,124426.0,86331.0,3689.0,3679.0,10740.0,0.0,,,,,,,,,,,,,,
1998.0,10242337,10402.0,28769.0,103590.0,54427.0,2251.0,2241.0,19384.0,0.0,,,,,,,,,,,,,,
1998.0,10004650,0.0,0.0,0.0,0.0,0.0,0.0,0.0,0.0,,,,,,,,,,,,,,
1998.0,10006804,93.0,2309.0,1377.0,607.0,88.0,88.0,-288.0,0.0,,,,,,,,,,,,,,
1998.0,10001133,0.0,0.0,0.0,0.0,0.0,0.0,0.0,0.0,,,,,,,,,,,,,,
1998.0,10001258,0.0,0.0,0.0,0.0,0.0,0.0,0.0,0.0,,,,,,,,,,,,,,
1998.0,10000724,0.0,0.0,0.0,0.0,0.0,0.0,0.0,0.0,,,,,,,,,,,,,,
1998.0,10004322,1972.0,3533.0,4603.0,2726.0,3.0,0.0,-454.0,0.0,,,,,,,,,,,,,,
1998.0,10004344,391.0,6102.0,9760.0,1534.0,-28.0,-28.0,-199.0,0.0,,,,,,,,,,,,,,
1998.0,10000781,0.0,0.0,0.0,0.0,0.0,0.0,0.0,0.0,,,,,,,,,,,,,,
1998.0,10241315,7316.0,62310.0,141062.0,51934.0,1797.0,1782.0,-24583.0,0.0,,,,,,,,,,,,,,
1998.0,10006790,0.0,0.0,0.0,0.0,0.0,0.0,0.0,0.0,,,,,,,,,,,,,,
1998.0,10006791,57.0,9484.0,9760.0,2625.0,35.0,35.0,318.0,795.0,,,,,,,,,,,,,,
1998.0,10002154,0.0,0.0,0.0,0.0,0.0,0.0,0.0,0.0,,,,,,,,,,,,,,
1998.0,10241991,0.0,0.0,0.0,0.0,0.0,0.0,0.0,0.0,,,,,,,,,,,,,,
1998.0,10318881,0.0,0.0,0.0,0.0,0.0,0.0,0.0,0.0,,,,,,,,,,,,,,
1998.0,10001244,1672.0,3461.0,4341.0,2824.0,125.0,83.0,-289.0,0.0,,,,,,,,,,,,,,
1998.0,10005355,0.0,0.0,0.0,0.0,0.0,0.0,0.0,0.0,,,,,,,,,,,,,,
1998.0,10241997,0.0,0.0,0.0,0.0,0.0,0.0,0.0,0.0,,,,,,,,,,,,,,
1998.0,10309960,0.0,0.0,0.0,0.0,0.0,0.0,0.0,0.0,,,,,,,,,,,,,,
1998.0,10241317,0.0,0.0,0.0,0.0,0.0,0.0,0.0,0.0,,,,,,,,,,,,,,
1998.0,10002893,2831.0,9583.0,13257.0,7218.0,29.0,29.0,-392.0,50.0,,,,,,,,,,,,,,
1998.0,10001245,2527.0,13180.0,15919.0,6812.0,-2.0,0.0,0.0,147.0,,,,,,,,,,,,,,
1998.0,10317461,0.0,0.0,0.0,0.0,0.0,0.0,0.0,0.0,,,,,,,,,,,,,,
1998.0,10007869,0.0,0.0,0.0,0.0,0.0,0.0,0.0,0.0,,,,,,,,,,,,,,
1998.0,10242762,0.0,0.0,0.0,0.0,0.0,0.0,0.0,0.0,,,,,,,,,,,,,,
1998.0,10001791,0.0,346.0,735.0,135.0,1.0,0.0,-233.0,11.0,,,,,,,,,,,,,,
1998.0,10001663,29840.0,685524.0,5064161.0,1260337.0,-6855.0,-8203.0,0.0,36746.0,,,,,,,,,,,,,,
1998.0,10003323,7607.0,140174.0,658566.0,124068.0,-1129.0,0.0,0.0,6783.0,,,,,,,,,,,,,,
1998.0,10000937,135897.0,205281.0,1861994.0,109470.0,523.0,1305.0,45.0,21121.0,,,,,,,,,,,,,,
1998.0,10004445,0.0,0.0,0.0,0.0,0.0,0.0,0.0,0.0,,,,,,,,,,,,,,
1998.0,10004312,0.0,567.0,17467.0,4975.0,-450.0,0.0,4152.0,1614.0,,,,,,,,,,,,,,
1998.0,10000730,261479.0,712801.0,3834061.0,472213.0,-5149.0,0.0,3115.0,52945.0,,,,,,,,,,,,,,
1998.0,10001017,85962.0,343349.0,1925698.0,121027.0,-241.0,1014.0,8726.0,20764.0,,,,,,,,,,,,,,
1998.0,10002415,914.0,31693.0,36652.0,35406.0,-15.0,0.0,8093.0,1062.0,,,,,,,,,,,,,,
1998.0,10006432,197.0,2125.0,2914.0,3282.0,-7.0,0.0,-466.0,114.0,,,,,,,,,,,,,,
1998.0,10000998,12252.0,73322.0,121102.0,92921.0,4899.0,4899.0,-8797.0,4193.0,,,,,,,,,,,,,,
1998.0,10242285,13000.0,20564.0,31128.0,24036.0,398.0,400.0,-389.0,356.0,,,,,,,,,,,,,,
1998.0,10242535,0.0,0.0,0.0,0.0,0.0,0.0,0.0,0.0,,,,,,,,,,,,,,
1998.0,10242289,119.0,15636.0,42937.0,4229.0,-80.0,-86.0,-129.0,1921.0,,,,,,,,,,,,,,
1998.0,10242341,0.0,0.0,0.0,0.0,0.0,0.0,0.0,0.0,,,,,,,,,,,,,,
1998.0,10241547,0.0,0.0,0.0,0.0,0.0,0.0,0.0,0.0,,,,,,,,,,,,,,
1998.0,10238051,0.0,0.0,0.0,0.0,0.0,0.0,0.0,0.0,,,,,,,,,,,,,,
1998.0,10002765,0.0,0.0,0.0,0.0,0.0,0.0,0.0,0.0,,,,,,,,,,,,,,
1998.0,10002190,0.0,0.0,0.0,0.0,0.0,0.0,0.0,0.0,,,,,,,,,,,,,,
1998.0,10309954,0.0,0.0,0.0,0.0,0.0,0.0,0.0,0.0,,,,,,,,,,,,,,
1998.0,10243166,0.0,0.0,0.0,0.0,0.0,0.0,0.0,0.0,,,,,,,,,,,,,,
1998.0,10004910,0.0,0.0,0.0,0.0,0.0,0.0,0.0,0.0,,,,,,,,,,,,,,
1998.0,10002142,0.0,0.0,0.0,0.0,0.0,0.0,0.0,0.0,,,,,,,,,,,,,,
1998.0,10007127,0.0,0.0,0.0,0.0,0.0,0.0,0.0,0.0,,,,,,,,,,,,,,
1998.0,10003780,0.0,0.0,0.0,0.0,0.0,0.0,0.0,0.0,,,,,,,,,,,,,,
1998.0,10004132,0.0,0.0,0.0,0.0,0.0,0.0,0.0,0.0,,,,,,,,,,,,,,
1998.0,10003335,0.0,0.0,0.0,0.0,0.0,0.0,0.0,0.0,,,,,,,,,,,,,,
1998.0,10001624,0.0,0.0,0.0,0.0,0.0,0.0,0.0,0.0,,,,,,,,,,,,,,
1998.0,10007887,0.0,0.0,0.0,0.0,0.0,0.0,0.0,0.0,,,,,,,,,,,,,,
1998.0,10242191,0.0,0.0,0.0,0.0,0.0,0.0,0.0,0.0,,,,,,,,,,,,,,
1998.0,10004615,0.0,0.0,0.0,0.0,0.0,0.0,0.0,0.0,,,,,,,,,,,,,,
1998.0,10006723,0.0,0.0,0.0,0.0,0.0,0.0,0.0,0.0,,,,,,,,,,,,,,
1998.0,10317512,0.0,0.0,0.0,0.0,0.0,0.0,0.0,0.0,,,,,,,,,,,,,,
1998.0,10317511,0.0,0.0,0.0,0.0,0.0,0.0,0.0,0.0,,,,,,,,,,,,,,
1998.0,10001291,0.0,0.0,0.0,0.0,0.0,0.0,0.0,0.0,,,,,,,,,,,,,,
1998.0,10008231,207.0,479.0,506.0,541.0,2.0,0.0,-95.0,0.0,,,,,,,,,,,,,,
1998.0,10006696,0.0,0.0,0.0,0.0,0.0,0.0,0.0,0.0,,,,,,,,,,,,,,
1998.0,10006738,0.0,30.0,30.0,70.0,0.0,0.0,-13.0,8.0,,,,,,,,,,,,,,
1998.0,10003154,345.0,3506.0,5569.0,3432.0,99.0,100.0,-187.0,18.0,,,,,,,,,,,,,,
1998.0,10001788,1422.0,5355.0,11510.0,2183.0,-32.0,-32.0,138.0,797.0,,,,,,,,,,,,,,
1998.0,10000824,13803.0,29345.0,136733.0,134516.0,244.0,244.0,-6512.0,363.0,,,,,,,,,,,,,,
1998.0,10004801,1139.0,14332.0,19310.0,18576.0,1129.0,1128.0,-2232.0,358.0,,,,,,,,,,,,,,
1998.0,10004818,539.0,1749.0,4105.0,5853.0,12.0,0.0,-384.0,35.0,,,,,,,,,,,,,,
1998.0,10004808,2749.0,8125.0,15098.0,9135.0,-13.0,-13.0,51.0,60.0,,,,,,,,,,,,,,
1998.0,10004809,119.0,425.0,714.0,230.0,-1.0,-1.0,-13.0,30.0,,,,,,,,,,,,,,
1998.0,10004874,0.0,13.0,60.0,-8.0,0.0,0.0,-34.0,12.0,,,,,,,,,,,,,,
1998.0,10242791,0.0,0.0,0.0,0.0,0.0,0.0,0.0,0.0,,,,,,,,,,,,,,
1998.0,10242183,0.0,0.0,0.0,0.0,0.0,0.0,0.0,0.0,,,,,,,,,,,,,,
1998.0,10004797,28.0,0.0,1340.0,922.0,61.0,0.0,-36.0,99.0,,,,,,,,,,,,,,
1998.0,10004775,3032.0,5958.0,9116.0,8902.0,556.0,556.0,-553.0,188.0,,,,,,,,,,,,,,
1998.0,10242476,0.0,0.0,0.0,0.0,0.0,0.0,0.0,0.0,,,,,,,,,,,,,,
1998.0,10004727,0.0,59.0,166.0,70.0,0.0,0.0,0.0,0.0,,,,,,,,,,,,,,
1998.0,10004754,1132.0,8698.0,10858.0,8908.0,0.0,0.0,0.0,0.0,,,,,,,,,,,,,,
