county,name,address,email,phone,manager,auth_num,capacity_tonnes
Alba,AGRICOLA TOD SRL,CRICAU PRINCIPALA NR 1A CRICAU PRINCIPALA NR 1A 744383208 744383208,,,,AB0008909,350
Alba,AGRO ELISSA B.M SRL,Sat . Obreja Com. Mihalt nr.110 Sat . Obreja Com. Mihalt nr.110,,+40732413218,,AB0005268,300
Alba,AGRO FABIO SRL,CAMPENI STR TURZII 37 CAMPENI STR TURZII 37 100 100 740391039 740391039,,,,AB0008952,
Alba,AGROEST BERGHIN,BERGHIN NR 445 BERGHIN NR 445 258854377 258854377,,,,AB0009277,2000
Alba,AGROMAXMAN SRL,SARD str. LAB 399D SARD str. LAB 399D 740841649 740841649,,,,AB0008905,3200
Alba,AGROPREST VINEREA,"ALBA IULIA VINEREA, CAMPUL PAINII 317 0741244292 300 300 AUREL VLAD 31 741244292",,,,AB00241,
Alba,AGROSEM SEED SRL,SANTIMBRU DN 1 SANTIMBRU DN 1 760686005 760686005,,,,AB0009278,1000
Alba,AGROTRUST TARNAVA SRL,JIDVEI STR GARII 32 BALCACIU 1 DECEMBRIE NR 1 746982912 746982912,,,,AB0008949,450
Alba,ALBATROS GOLD ALBA IULIA STR GARII NR 4,124 AB00245 POPA FLORIN AGROFLOR I.I. DUMBRAVA COM UNIREA NR 7 POPA FLORIN AGROFLOR I.I. COM UNIREA ,,+40740082887,ALBATROS GOLD ALBA IULIA AZUR NR 2,AB00244,3000
Alba,ALBATROS GOLD SRL,Alba Iulia str. Azur nr.2 Alba Iulia str. Azur nr.2,,+40729267976,,AB0008984,3050
Alba,ANIMAL FERMA SRL,MANARADE FN MANARADE FN 721286099 721286099,,,,AB00239,3500
Alba,ARALAND NATURA SRL,DAIA ROMÂNĂ NR 451 DAIA ROMÂNĂ NR 451 761828533 761828533,,,,AB0009275,240
Alba,ARIEȘUL AGROLACT SRL,VAMA SEACĂ PRINCIPALĂ NR 1 VAMA SEACĂ PRINCIPALĂ NR 1 740215322 740215322,,,,AB0009280,400
Alba,BESOI PARASCHIVA NICOLAE PFA  DAIA ROMÂNĂ 885B,769351139 769351139 97 AB0008996 VOINA NICOLAE NARCISA PFA VOINA NICOLAE NARCISA PFA 300 300,,,,AB0008995,100
Alba,BRATU VASILE AGRO PFA,DAIA ROMANA NR 788 DAIA ROMANA NR 955 723576953 723576953,,,,AB0009276,150
Alba,BÂRSAN DANIELA PFA,RAHĂU 325 RAHĂU 2 754523324 754523324,,,,AB0009279,350
Alba,BĂLAN GEORGE TUDOR PFA,MEȘCREAC NR.27 MEȘCREAC NR.27 723704762 723704762,,,,AB0008998,60
Alba,CERNAT ION PFA,BERGHIN NR 67 BERGHIN NR 67 752457220 752457220,,,,AB0008939,60
Alba,CIPARIU DARIUS ALEXANDRU PFA,PANADE NR.197 PANADE NR.197 743160169,,,,AB0008925,600
Alba,COMSA FLORIN PFA,OCNA MURES STR LUNGA NR 41 MICOSLACA SUB COASTA NR 1 728973625 728973625,,,,AB00234,500
Alba,CSISZER NICOLAE I.I.,SÂNMICLĂUȘ NR 113 SÂNMICLĂUȘ NR 113 742824630 742824630,,,,AB0009273,2200
Alba,CSIZER N. TIBERIU PFA,SANMICLĂUȘ NR 127 SANMICLĂUȘ NR 127 742868138 742868138,,,,AB0009262,550
Alba,DICOIU DOREL PFA,CAPALNA DE JOS NR.152 JIDVEI STR MORII NR 2A 1200 1200 745071708 745071708,,,,AB0008920,
Alba,DN AGRAR SERVICE,Alba Iulia Piata Iuliu Maniu nr1 0733987430 Câlnic DN1 km 342+400,,+40733987430,,AB0008959,10000
Alba,DRAGU MIHAI MARIUS PFA,STREMT PRINCIPALA NR 443 STREMT PRINCIPALA NR 443 746258443 746258443,,,,AB0008933,125
Alba,DRONKERS GROND SRL,PIANU DE JOS NR.548 PIANU DE JOS NR.548 756711298 756711298,,,,AB0008922,390
Alba,EAGEN STAR SRL,LUNCA MURESULUI PRINCIPALA FN LUNCA MURESULUI PRINCIPALA FN 742031183 742031183,,,,AB0005283,165
Alba,ECOVERT SRL,BLAJ STR. SIMION BARNUTIU NR 13 BLAJ STR. SIMION BARNUTIU NR 13 500 500 745354893 745354893,,,,AB0005299,
Alba,EMI&JESSI SRL SEBES STR DEPOZITELOR NR 4A,118 AB 00225 BIOTERRA DOSTAT STR FERMA NR 1 BIOTERRA DOSTAT STR FERMA NR 1 250 250 119 AB00226 AVRAM,,,,AB00251,18360
Alba,FLOREA N NICOLAE I.I.,BUCERDEA VINOASA NR 249 BUCERDEA VINOASA NR 249 762653483 762653483,,,,AB0008932,150
Alba,GLISS ELLA SRL,"BUCERDEA GRANOASA ,I MAIORESCU NR1 BUCERDEA GRANOASA ,I MAIORESCU NR1 728270149 728270149",,,,AB0008913,800
Alba,GOLDEN PRODIMPEX,LOPADEA NOUA NR. 8 LOPADEA NOUA NR. 8 744370826 744370826,,,,AB0008934,500
Alba,I.I.  BRUDAR MARCEL,"Lancram,str.Dealului,nr. 450 Lancram,str.Dealului,nr. 450",,,,AB0005257,1000
Alba,IGNAT VASILE CAPALNA II,CAPALNA DE JOS PRINCIPALA 82 CAPALNA DE JOS PRINCIPALA 82 200 200 756850951 756850951,,,,AB0008940,
Alba,II BOTA IACOB VASILICA ANCUTA,SIBOT STR. 1 MAI NR 195 SIBOT STR. 1 MAI NR 195 769304326 769304326,,,,AB0009274,615
Alba,II LUP ALINA,HOPARTA SAT TURDAS NR 69 HOPARTA SAT TURDAS NR 69 741257263 741257263,,,,AB0008916,200
Alba,II MEDRUT DUMITRU DORIN,SARD STR LAB NR 399 A SARD STR LAB NR 399 A 741787367 741787367,,,,AB0008947,290
Alba,LAȚIU AXENTE PETRU I.I.,SÂNCEL CD GHEREA NR 10 SÂNCEL CD GHEREA NR 10 749320262 749320262,,,,AB0009269,300
Alba,MAGIC GRUP SRL,IGHIU PEINCIPALA 44A ȘARD NR 550 E 731344378 731344378,,,,AB0009267,1500
Alba,"MAILAT DRAGOS IOAN ""IGHIU""I.I.",IGHIU NR.251 IGHIU NR.251 742209612 742209612,,,,AB0008982,950
Alba,MANASTIREA SF.IOAN BOTEZATORUL,ALBA IULIA VALEA POPII NR 10 ALBA IULIA VALEA POPII NR 10 722342045 722342045,,,,AB0008935,1000
Alba,MARANATA FURD SRL,ABRUD STR REPUBLICII BL.R4 ABRUD STR REPUBLICII BL.R4 85 85 744986939 744986939,,,,AB0005291,
Alba,MON AGRAR KULTUREN SCS,ROSIA DE SECAS STR. SCOLII 267 ROSIA DE SECAS STR. SCOLII 267 761895347 761895347,,,,AB0008999,1920
Alba,NATALIA NADINA SRL,COM SPRING SAT CUNTA NR.177 COM SPRING SAT CUNTA F.N. 1200 1200 724315446 724315446,,,,AB0008919,
Alba,OVINEX GLIGOR SRL,ALBA IULIA BD. REVOLUTIEI 1989 NR 2A 0788844121 BLAJ STR. GHE BARIȚIU NR.32 0788844121 103 AB0009265,,,,AB0009264,20000
Alba,PF GIURGIU CANDIN CONSTANTIN,"Alba-Iulia-Barabant,str.Taberei,nr.22 Alba-Iulia-Barabant,str.Taberei,nr.22",,,,AB0008953,370
Alba,PFA CEGEZI OVIDIU MARIUS,BOGDANESTI NR 869A BOGDANESTI NR 869A 740391039 740391039,,,,AB0008953,500
Alba,PFA COJOCARU PERSIDA,CUGIR str.21 Decembrie nr.58 Tartaria 282 B 744335800 744335800,,,,AB0008906,300
Alba,PFA GHERGHIN TOMA MARIUS,DAIA ROMANA NR 278 DAIA ROMANA NR F.N. 767297945 767297945,,,,AB0008911,450
Alba,PFA HAPRIAN DARIUS IULIAN,DAIA ROMANA NR 252 DAIA ROMANA NR 252 761618444 761618444,,,I.I.  HAPRIAN DARIUS IULIAN,AB0008915,200
Alba,PFA OANA CLAUDIU VASILE,SIBOT STR 1 MAI NR 203 SIBOT STR 1 MAI NR 203 749140384 749140384,,,,AB0008912,420
Alba,PIATRA VIOREL SRL,BERGHIN NR 151 BERGHIN NR 151 736749637 736749637,,,,AB0008987,500
Alba,POPA MARIUS NICOLAE VET PFA,DRAȘOV NR 55 DRAȘOV NR 77 785229095 ATENTIE SCHIMABT NUMLE 785229095,,,,AB0009271,1800
Alba,PRESMEC TEIUS SRL,TEIUS STR.ARDEALULUI 67 TEIUS STR.ARDEALULUI 67 750 750 788446039 788446039,,,,AB0005290,
Alba,ROSANCO TRADE SRL,JIDVEI STR GARII 32 CETATEA DE BALTA CAS,,,,AB0008948,100
Alba,SA  RAHOVEANA,"Rahau,nr.1 Rahau,nr.1",,+40258735813,,AB0005274,1656
Alba,SA ARIESUL GURA-ARIESULUI F.N.,ariesul agrolact,,+40744128436,SA ARIESUL GURA-ARIESULUI,AB00236,1400
Alba,SA AVRAM  IANCU SEBES,"Sebes,str.Calarasi,nr.45 Sebes,str.Calarasi,nr.45",,,,AB000256,800
Alba,SA DREPTATEA,LUNCA MURESULUI STR. MARE NR.15 LUNCA MURESULUI STR. PRINCIPALA F.N. 430 430 258878127 258878127,,,,AB0008901,
Alba,SA FRATIA “92 LANCRAM,"Lancram,Sos.E 81 Lancram,Sos.E 81",,,,AB0005246,5000
Alba,SA SEBESANA SEBES,"Sebes,str.Calarasi,nr.45 A Sebes,str.Calarasi,nr.45 A",,,,AB0008960,2200
Alba,SA TRITICUM SEBES,"Sebes,str.Calarasi,nr.45 Sebes,str.Calarasi,nr.45",,,,AB0008954,875
Alba,SA VINEREANA,"Vinerea,str.Principala,nr.172 Vinerea,str.Principala,nr.172",,,,AB0001710,800
Alba,SA VINTANA VINTU DE JOS,"Vintu de Jos,str.L.Blaga,nr.63 Vintu de Jos,str.L.Blaga,nr.63",,,,AB0005278,3100
Alba,SALCUDEAN TEODOR ALIN PFA SANCEL STR MIHAI EMINESCU NR 1,121 AB00242 LACTOFERM SEBES-RAHAU NR 77 LACTOFERM SEBES-RAHAU LA CARAMIZI FN 380 150 230 122 AB00243,,,SALCUDEAN TEODOR ALIN PFA SANCEL STR NICOLAE BALCESCU NR 1,AB00227,400
Alba,SC AGR 1 DECEMBRIE,Tartaria str. Principala nr.272 Tartaria str. Principala nr.272,,+40258762126,,AB0005247,700
Alba,SC AGRA OARDA SRL,"Alba-Iulia,str.Biruintei,nr.25 Alba-Iulia,str.Biruintei,nr.25",,,,AB0005269,600
Alba,SC AGROBIANA,"Sona,sat Biia,nr.454 Sona,sat Biia,nr.454",,+40258884373,,AB0008923,2000
Alba,SC AGROEST SRL BERGHIN,BERGHIN NR 445 BERGHIN NR 445,,+40258854337,,AB0008981,1120
Alba,SC AGROLOTUS SRL,"Galda de Jos,str.Principala,nr.91 PL Teius,str.Clujului,nr.1",,+40722379096,,AB0001720,700
Alba,SC AGROMEC SA SEBES,"Sebes,str.Calarasi,nr.41 Sebes,str.Calarasi,nr.41",,+40258731918,,AB0005264,1700
Alba,SC AVIUTU SRL,SANTAMARIE STR. PRINCIPALA F.N. SANTAMARIE STR. PRINCIPALA F.N. 740275848 740275848,,,,AB0005285,530
Alba,SC B&B TEAM SRL,CALEA MOTILOR 101 TOTOI PRINCIPALA NR.203 358401520 358401520,,,,AB0005287,450
Alba,SC BORA BORA SRL,"Alba -Iulia str. Ghioceilor nr.16 Galda de Jos nr.100C,",adi.borabora@yahoo.com,+40258846044,,AB0008937,510
Alba,SC BOTEZAN SRL,"Ocna-Mures,str.A.Iancu,nr.33 Razboieni,str.Cetate,nr.409",,+40723268702,,AB0001715,900
Alba,SC CIOBANASU NERO SRL,OARDA STR. CAPRIOAREI NR.19 OARDA STR. CAPRIOAREI FN 740163289 740163289,,,,AB00250,380
Alba,SC COMCEREAL,"BLAJ SA BLAJ SA Blaj,str.M.Kogalniceanu,nr.42 Blaj,str.M.Kogalniceanu,nr.42",,,,AB0001694,8000
Alba,SC DANADVICE SRL,"Str.Gh. Doja ,Nr.47 PL Roşia de Secaş",,+40724593726,SC DANADVICE SRL Cluj Napoca,AB0008930,5100
Alba,SC FITOMAR SRL,"Vintu de Jos Soseaua Sebes-Deva,nr.7A Vintu de Jos Soseaua Sebes-Deva,nr.7A",,,,AB0005267,3250
Alba,SC FLORITOM SRL,"CIUGUD , PRINCIPALA FN CIUGUD , PRINCIPALA FN 744760112 744760112",,,,AB0005293,230
Alba,SC GHERGHINEL SRL,DAIA ROMANA NR.384 DAIA ROMANA VALEA SARBILOR NR 5 800 800 745103842 745103842,,,,AB00232,
Alba,SC GOLDEN WOOD SRL,BUCURESTI SOSEAUA CHITILA NR 3 P.L. Alba Iulia str.Garii nr.4,,+40741237447,SC GOLDEN SILO SRL,AB00252,33500
Alba,SC MATTER ARTHUR SRL,"Garbova,str.Scolii,nr.153 Garbova, NR 573",,,,AB00222,475
Alba,SC MECSOL GALDA SRL,"Galda de Jos,str.Principala,nr573 Galda de Jos,str.Principala,nr573",,,,AB0005289,4500
Alba,SC MOARA MIRIŞTEAN SRL,"Ocna Mureş ,Str. Lungă ,Nr.252 PL Fărău Str. Principală ,Nr.1",,+40258871894,,AB0001740,500
Alba,SC NOVIA BIA SRL,"Sona str. 6 Martie FN Sona str. 6 Martie FN 0749053169 , gheignat@yahoo.com 0749053169 , gheignat@ya",gheignat@yahoo.com,,,AB0005279,1000
Alba,SC PAINE TARANEASCA SRL,"Blaj,str.Petofi Sandor,nr.19 PL Bucerdea Granoasa,nr.48",,+40258713819,,AB0005252,130
Alba,SC PAN DANY VLAD SRL,Alba Iulia str. Garoafei nr. 21 Alba Iulia str. Garoafei nr. 21,,+40781264584,,AB00223,350
Alba,SC SANDA&DORIN SRL,"Petresti,str.Campului,nr1 Petresti,str.Campului,nr1",,,,AB0001708,1000
Alba,SC SARA MARTA SRL,AIUD Str Gorunului nr. 32 Alba Iulia str.Biruintei nr.28,,+40741665099,,AB0005271,1365
Alba,SC SOLEX SRL,"COM LUNA NR 931 Lunca-Mures,nr.440",,,,AB00230,500
Alba,SC SPERANTA EL SRL,"Blaj,str.Al.I.Cuza,nr.22 PL Cetatea de Balta,str.Gazului,FN",,+40258710971,,AB00253,14400
Alba,SC TERRAVAL SRL,"Galda de Jos,sat Benic ,nr.2 Galda de Jos,sat Benic ,nr.2",,,,AB0008958,2850
Alba,SC TIMARIU COMPANY SRL,"Vintu de Jos,Str.M.Eminescu,nr.40 Str.Deasupra Luncii, nr.1",,+40742937542,,AB00231,800
Alba,SC TRANSAVIA SA,SANTIMBRU STR BLAJULUI 244D SANTIMBRU STR BLAJULUI 244D,,+40742153595,,AB00229,112900
Alba,SC TRANSEURO SRL,"Ighiu,nr.205A Ighiu,nr.205A",,+40258844022,,AB0009272,4000
Alba,SC UNICEREAL ALBA SRL,Unirea str.Garii nr 273 Unirea str.Garii nr 273,,,,AB0005260,9500
Alba,SCHEAU I.ANA PFA,DAIA ROMÂNĂ NR 349 DAIA ROMÂNĂ NR 349 765492382 2 controale 765492382,,,,AB0008993,250
Alba,SIPIGFERM SRL,SIBOT PRINCIPALA NR.210 SIBOT D.J.709 NR 495 721861716 721861716,,,,AB0008903,1100
Alba,STOICA MIHAI AGRO ZOO PFA,LUNCA MURESULUI SUB VII 474 LUNCA MURESULUI SUB VII 474 740492037 740492037,,,,AB0008902,500
Alba,SUFANA  SIMONA AGROSYM II,UNGUREI PRINCIPALA 268 UNGUREI PRINCIPALA 268 744765268 744765268,,,,AB00235,2500
Alba,SUFANĂ LENUȚA I.I.,UNGUREI PRINCIPALA 237 UNGUREI PRINCIPALA 268 A 733749788 733749788,,,AGROSUF NICOLAE SRL,AB00237,900
Alba,TERRA GERMUNDIS,RADESTI SAT MESCREAC 37 RADESTI SAT MESCREAC 37 722329535 722329535,,,,AB0008985,1000
Alba,TOTH S.E. ȘTEFAN I.I.,VESEUȘ NR 252 VESEUȘ NR 252 751146156 751146156,,,,AB0008997,500
Alba,UNILACT TRANSILVANIA,STR. TRAIAN NR 856 STR. GARII NR 273 722689637 722689637,,,,AB0005295,3000
Buzau,PL. BALTA-ALBĂ,COM BOLDU,,,SC DIVERS COM 94 SRL,BZ0009981,1500
Buzau,Pct.Nicolesti,"Com.Puiesti,",,+40761643064,S.C.AGRO M/N 2005 S.R.L.,BZ0009903,450
Calarasi,"DOROBANTU 2009 COPERATIVA AGRICOLA, comuna Dorobantu,Judetul Calarasi,0722441253","290 CL0005488 SC SAB AGRO SRL , Comuna VLAD TEPES, Judetul Calarasi,",luencom@gmail.com,+40722324677,,CL0005487,
Calarasi,"SC AGRICOVER SA, comuna Voluntari,jud.Ilfov               telefon 0745013522","296 CL0005495 SC ILIUTA EXPEDITION, comuna Valcelele,jud.Calarasi,",,,,CL0005494,
Calarasi,"SC EXPERT AGRIBUSINESS SRL,LOC.FUNDULEA,     STR.22 DECEMBRIE 1989 , NR.101,JUD.CALARASI","299 CL0005498 SC NEKSIO LAND SRL,LOC.OLTENITA, STR.MARASESTI,NR.17 , JUD.CALARASI SC NEKSIO LAND SRL",,,,CL0005497,
Calarasi,"SC MOBIL MIHBIVLAD SRL, Oltenita, str. DN3, KM3,          tel. 0722573115","293 CL0005492 SC ADM ROMANIA LOGISTICS Bucuresti, str. Dinu Vintila, nr.11, sector 2,",,+40213188690,,CL0005491,
Cluj,"Bontida, str. Clujului, nr. 3, jud. Cluj 0724351969","39 CJ0006954 GN MURES AGRAR SRL, Luna, nr. 831 COM LUNA , NR 109, 0730131504 500 500 40 CJ0006955 AD",,,"NOVATICOM INTERPAL SRL, Viseu de Sus, str. Tineretului, nr. 1, judetul Maramures",CJ0006952,15000
Cluj,"CAIANU MIC, nr. 1C  tel 0763192907","45 CJ0006960 BERINTAN D VICTOR CRISTIAN PFA CAMPENESTI, str. MANASTIRII, nr. 30,",,+40744527470,COLINA VERDE AGRI SRL,CJ0006959,1000
Cluj,"TURDA, str. Bogata, nr. 20, tel 0744538431","42 CJ0006957 IOANICIU MARIA PFA CALARASI, nr. 470,",,,AGRARUS PROD SRL,CJ0006956,4000
Cluj,"com. Mihai Viteazu, str. Progresului, nr. 3,jud. Cluj,  tel:0742259806",119630 39630 80000,,,EAST SILODEP SRL,CJ00802,16000
Ialomita,SA SOLARIS SAVENI  TEL:0722374536,168 IL0000209 SA MECOSAV SAVENI,,,,IL0000210,550
Ialomita,"SC AGRO OIL SERVICE SRL PUNCT DE LUCRU SLOBOZIA, Sos. Brailei, nr. 10, contact@agrooilservice.ro","21 IL 0005781 SC ALEX AGRO SERVICE SRL BUZAU, UNIRII, BL 16 A PARTER, 0238727262 SC ALEX AGRO SERVIC",dinumariusdaniel@yahoo.com,,"SC AGRO OIL SERVICE SRL SLOBOZIA, şos. Amara, nr. 2, tel. 0243231556",IL0008355,30000
Ialomita,SC AGROMA SRL OGRADA TEL/FAX 0243240407,182 IL0000174 SC SAATEN UNION SRL SLOBOZIA SOS AMARA NR2,,+40243277546,,IL0000176,1500
Ialomita,SC AGRONIG SRL CIOCHINA  SAT OREZU TEL/FAX 0243265167,"185 IL00001205 SC AGROFAM HOLDING SRL, sediul social loc. Borcea, judeţ Calarasi SC AGROFAM HOLDING ",agricom.borcea@vectr-farms.com,+40243363145,SC AGRONIG SRL CIOCHINA TEL/FAX 0243265167,IL0008607,12000
Ialomita,SC AMARA CERES 2003 AMARA INCINTA FOST LACTILROM  lauraamaraceres@yahoo.com TEL:0724568963,171 IL 01161 SC SILCOMAR IAZU,,,SC AMARA CERES 2003 AMARA VIILOR NR.49 TEL:0724568963,IL0000202,400
Ialomita,SC AVICOLA SA SLOBOZIA SOS CONSTANTEI  NR5-6 TEL:0243214851 com GH.DOJA,179 IL00008620 SC AGROLOC SRL SLOBOZIA STR MATEI BASARAB 0740026312 SC AGROLOC SRL SLOBOZIA STR MATE,,+40243364335,SC AVICOLA SA SLOBOZIA SOS CONSTANTEI  NR5-6 TEL:0243214851 PL. GH.DOJA,IL00008375,13500
Ialomita,SC MUNTENIA 18 PHB SRL AMARA SOS.AMARA-GRIVITA   TEL/FAX0243232906 EMAIL: muntenia18PHB@yahoo:com,164 IL0000218 SC ANIDA PROD INVEST SRL BUCURESTI CONSTANTIN BRANCUSI SC ANIDA PROD INVEST SRL BUCURE,viorel.dinu@boromir.ro,,SC MUNTENIA 18 PHB SRL AMARA SOS.AMARA-GRIVITA,IL0000220,600
Ialomita,"SC TRITIPAN SRL AMARA, 0243266301, 0243235444 (FAX)","174 IL 0005797 SC TRITIPAN SRL AMARA, 0243233045, 0243235444 (FAX) PL. PERIETI SC TRITIPAN SRL AMARA",tritipan@tritipan.ro,+40243233045,"SC TRITIPAN SRL AMARA, 0243266301, 0243235444 (FAX) PL. AMARA",IL000197,2600
Ialomita,"SC YANLUC COMPANY SRL, Slobozia, Str. Gheorghe Folescu, Nr. 19, Tel : 0734121543, PL : Ion Roata, Str. Fermei, Nr. 12","194 Il 0005933 SC TEA CONSULTING SRL, Țăndarei, str.București, bloc 160, scara 28, ap.15, jud.Ialomi",office@teaseminte.ro,+40732891769,"SC YANLUC COMPANY SRL, Slobozia, Str. Gheorghe Folescu, Nr. 19",IL0005945,6000
Olt,"Magazie , com Stoicănești , jud. Olt - 0729133239","95 OT0006495 SC ECO INFO , Corabia , str. Celeiului , nr.4A , jud. Olt Magazie , Corabia , str. Cele",,,"SC STE GAS SRL , Slatina , str. Ecaterina Teodoroiu , nr. 34 , jud. Olt",OT0006494,1500
Olt,"Magazie , com. Brâncoveni , jud. Olt - 0768077710","132 OT0006692 SC ADELA BIO AGRICULTURA SRL , Slatina , str.Eroilor , jud. Olt Magazie , Slatina , st",,,"SC AGRICOLA MAXO SRL , Slatina , str. Oituz , jud. Olt",OT0006691,700
Olt,"Magazie , com. Cilieni , str. vișinei , nr.57 , jud. Olt - 0723558901","135 OT0006695 SC UNICONFEX EXIM SRL, Slatina , str. Crișan , nr.25 , jud.Olt Magazie , com Brastavăț",,,"SC MOLTAGRO NATURAL SRL , Pitești Argeș , str.Intr. Teilor",OT0006694,1000
Olt,"Magazie , com. Dobrun , jud. Olt - 0767762943","101 OT0006645 SC LONGIN SRL , com Șerbănești , str. Dumitru Popovici , jud. Olt Magazie , com. Șerba",,,"SC QATRO CLUB SELECT SRL , com. Redea , jud. Olt",OT0006642,100
Olt,"Magazie , com. Mărunței , sat Bălănești , jud. Olt - 0745399161","129 OT0009129 SC CEREALCOM DOLJ , Segarcea , str. Republicii , nr. 3 , jud. Dolj Siloz - com. Traian",,,"ZEIA MAIS SRL , Slatina, str. 1 Decembrie , jud. Olt",OT0006688,800
Olt,"Magazie , com. Rusănești , jud. Olt - 0744380406","98 OT0006498 SC VASILE C&I SNC , Slatina , str. Mânastirii, nr.2 , jud. Olt Siloz , com. Vădastra , ",,,"SC AGRO CHIREA SRL , com Rusănești , jud. Olt",OT0006497,1500
Olt,"Magazie , com. Vâlcele , jud. Olt - 0745394121","121 OT 0006677 SC EROS N.TITULESCU SA – N.TITULESCU – JUD. OLT Siloz , com. N. Titulescu , jud. Olt ",,,"SA UNIREA VÂLCELE , com. Vâlcele , jud. Olt",OT0006676,2000
Olt,"Magazie - com. Corbu , sat Milcovani, jud. Olt - 0744307514","90 OT0006486 SC DOI URSULEȚI SRL , Scornicești ,sat Jitaru , str. Brutăriei, jud. Olt Siloz+ Magazie",,,"SC TOTAL AGRO SERV SRL , com Corbu , jud. Olt",OT0006485,1000
Olt,"Magazie - loc. Bucinișu   , jud. Olt - 0766512830","167 OT01003 SC ARMAN CONSTRUCTION , Tufeni , jud. Olt Magazie - loc. Potcoava , jud. Olt - 078421283",,,"SC AGROMIL RADU SRL , bucinișu , jud. Olt",OT01002,10500
Olt,"Magazie - loc. Corabia  , jud. Olt - 0756314314","178 OT01015 EUROSILOZ SA ,Alexandria, str.Dunării , nr.51 , jud.",,,"SC CORAGROSTAR SRL , Corabia , jud. Olt",OT01014,1000
Olt,"Magazie - loc. Ianca  , jud. Olt - 0741193055","172 OT01008 SC ENERGIA VERDE STREJESTI SA , Strejesti , jud. Olt Magazie – com. Strejesti, jud.Olt /",,,"TOCEA IANCA COOPERATIVA AGRICOLA ,Ianca , jud.",OT01007,3000
Olt,"Magazie - loc. Șerbănești  , jud. Olt - 0728444224","164 OT0009140 SC VALTUM PROD COM , Slatina , str. Pitești , nr.213 , jud. Olt Magazie - loc. Dobrote",,,"SC METALTRANS SRL , Slatina , str. Văilor  , jud. Olt",OT0009139,4000
Olt,"Magazie ; com. Dănesa , jud. Olt -","116 OT0006671 SC COFCO INTERNAȚIONAL ROMÂNIA SRL , Bucuresti , șos. Buc.- Ploiești , nr.1A , sect.1 ",,,"SC EXPLOIT DĂNEASA SRL , Cluj-Napoca , str. Remenyik Șandor , nr.15-17 , jud. Cluj",OT0006666,6000
Olt,"Magazie ; com. Mihăești , jud. Olt     - 0249488520","104 OT0006649 SC AGRO LARIGI SRL , com. Vlădila , str. Mihai Eminescu , nr. 7 , jud. Olt Magazie ; c",,,"SC AGRO GELMAR SRL , com. Mihăești , str. Principală , nr.1B , jud. Olt",OT0006648,2250
Olt,"Magazie – Corabia , jud. Olt , 0251446222","75 OT0004640 SC VICTORIA INTERMED SRL , Slatina , str. George Poboran, nr. 8 , jud. olt Magazie – St",victoriaintermed@yahoo.com,,"SC CONSULTING TRANSEURO SRL , Coșoveni – jud. Dolj",OT0004638,3000
Olt,"Magazie – Corbu , jud. Olt , 0740618870","Piresti , Arges 50 OT0004608 ÎI IONIȚĂ MARIAN Siloz – Dobrosloveni – jud. Olt , 0744552804 2000 2000",,,"SC ENOGIULIA SRL , Pitești , jud. Argeș",OT0004607,400
Olt,"Magazie – Cungrea , jud. Olt ,","79Petrochimiștilor , jud. Argeș",,,"SC CALIMAR GROUP SRL ,Pitești – str.B-dul",OT0004637,700
Olt,"Magazie – Mărunței , jud. Olt","745399161 84 OT0006478 SC DUMAGAS AGRI SRL – Podari , str. Calafatului nr.117 , jud. Dolj Magazie – ",,,"SC ZEIA MAIS SRL – Slatina , str.1 Decembrie , jud. Olt",OT0006469,400
Olt,Magazie – N. Titulescu jud. Olt 0249485476,63 OT0004626 SC IRIS N.TITULESCU – JUD. OLT Magazie – N.Tittulescu jud. Olt0249485476 2000 2000 64 O,,,SC EROS N.TITULESCU 69SA – N.TITULESCU – JUD. OLT,OT0004625,2000
Olt,"Magazie – Radomiresti , jud. Olt , 0722218615","Dobroesti , Ilfov 48 OT0004606 SA ETCOR Corabia , jud. Olt Magazie – Corabia , jud.Olt , 0249561224 ",,,SC AGRO MGS PROD SRL,OT0004605,2500
Olt,"Magazie – Redea , Jud. Olt , 0767762943","66 OT0006479 SC GEMARC GAVDUM SRL , ROTUNDA , JUD. OLT Magazie + Siloz – Rotunda , jud. Olt , 073715",,,"SC PIEMONT SRL – REDEA , JUD. OLT",OT0004628,150
Olt,"Magazie – Slatina , str. Pitești , jud. Olt","0250 746566 88 OT0006484 SC PROMILI PAN SRL Magazie - Scornicești , sat Jitaru , jud. Olt ; 07482167",,,"SC TOPI IMPORT – EXPORT , RM. Vâlcea , str. Timiț , nr.6",OT0006483,2000
Olt,"Magazie – Stoicănești , jud. Olt , 0251416553","Craiova , jud. Dolj 52 OT 0004612 SC RENCI SRL Magazie – Spineni , jud. Olt 0249460440 2000 2000",,,SC ASANI IMP-EXP SRL,OT0004609,3000
Olt,Magazie – Vișina Veche – jud. Olt 0249438353,61 OT0004624 SC FERMA FLORU SRL Siloz – Icoana – jud. Olt 0249483056 2000 2000 Icoana – jud. Olt,,,"SC BRISE AGRICULTURA SA Slatina , jud. Olt",OT0006470,2000
Olt,"Magazie – Văleni , jud. Olt , 0762277229","69 OT0004633 SC AGRO MGS PROD SRL Siloz – Radomiresti , jud. Olt , 0722218615 2000 2000 Dobroesti , ",,,"SA UNIREA – VĂLENI , JUD. OLT",OT0004631,1000
Olt,"Magazie – com. Pârșcoveni , jud. Olt 0762393029","93 OT0006489 SC OLTPIESS SRL , Slatina , str. General Aurel Aldea ,nr. 23 , jud. Olt Siloz – Slatina",,,"SC SPECAT SRL , com Călmățuiu , sat Nicolae Bălcescu , jud. Teleorman",OT0006488,2000
Olt,"Magazii – com.Brastavăţu, jud.Olt/ 0730402439","Fax 16 OT 0006670 AMEROPA GRAINS , Constanța, str.Theodor Burada , nr.25 , jud. Constanța Magazii – ",,,"SC BRISE GRAINS SA , Constanța , str. Strejerului , nr.24 , jud. Constanța",OT0009131,8500
Olt,"Siloz  – Traian , jud. Olt","0246 211399 86 OT0006482 SC QUATRO CLUB SRL Magazie – com. Redea , jud.Olt - 0767762943 1000 1000",,,"SC A.E.P GIURGIU PORT SA – Zimnicea , str Zona Port  , C.A 3 , jud. Teleorman",OT0006680,52000
Olt,"Siloz + Magazie ; com. Vlădila , jud. Olt - 0249543154","113 OT0006663 SC AGRO MIXT PRO SRL , com. Movileni , str. Principală , nr.5 , jud. Olt Magazie ; com",,,"SC AGROMEC SISTEM  SRL , com. Vlădila , str. M. Eminescu , nr.58 , jud.Olt",OT0006662,1500
Olt,"Siloz + Magazie – Cezieni , jud. Olt","762903136 80 OT0006466 SC ARENDĂ ȘAIN SRL , Mihăești , jud. Olt Magazie – Mihăești , jud. Olt , 5000",,,"SC BENEVEST AGRA SRL, Brașov , Calea Bucureștilor , nr.310",OT0006465,7000
Olt,"Siloz + Magazie – Corabia , jud. Olt","213188690 82 OT0006468 SC TRITICALE SRL , Mărunței , jud. Olt Magazie – Mărunței , jud. Olt 3500 350",,,"SC ADM ROMÂNIA TRADING SRL , București , str.Dinu Vintilă , nr.11, sect. 2",OT0009110,25500
Olt,"Siloz + Magazie – Stoicănești , jud.Olt , 0251415337","78 OT0006464 SC UNICONFEX EXIM SRL Slatina , str. Crișan , nr.25, jud. Olt Siloz – Corabia , jud. Ol",,,"SC ASSANI IMP – EXP SRL Craiova , str. România Muncitoare nr.49 , jud. Dolj",OT0006463,3200
Olt,"Siloz - Corabia - punctul comercial  , jud.Olt - 0722211759","155 OT0009130 SC AGRO-CHIREA SRL , Rusănești , jud.Olt Magazie - loc. Rusănești, jud. Olt - 07443804",,,"SC REFDAN COM SRL  , Izlaz , jud. Teleorman",OT0009128,9020
Olt,"Siloz - Radomirești ,  str. Eroilor , 85  , jud.Olt - 0722218616","158 OT0009134 SC AGROSPEED PRODUCTION , Șerbănești , str. Nițulescu , nr.6 , jud.Olt Magazie - loc. ",,,"SC AGRODUN INTERNAȚIONAL , Dobroești , sat Fundeni , str. Loc.Moga , nr.3 , jud.Ilfov",OT0009133,4800
Olt,"Siloz - com Izbiceni , jud. Olt , 0751045456","152 OT0009126 SC OLTPIESS SRL , Slatina , str. General Aurel Aldea ,nr. 23 , jud. Olt Siloz – Slatin",,,"AGRICOLA CEREAL SUD  , com. com. Izbiceni , str. Podului , nr.54 , jud. Olt",OT0009125,10000
Olt,"Siloz ; com. Bucinișu , jud. Olt - 0766512830","141 OT0009112 SC ALCRIST SRL , CRAIOVA , str. Brazda lui Novac , jud. Dolj Magazie - com. Deveselu ,",,,"RADU MIHAI PFA , com. Bucinișu , jud. Olt",OT0009111,750
Olt,"Siloz ; com. Stoenești , jud. Olt - 0757038819","146 OT 0009117 SC UNICONFEX EXIM SRL , Slatina , str. Crișan , nr.25 Olt Siloz – Corabia , str. Port",mira.dinamic@yahoo.com,,"WILDEN AGRO SRL , București , str. Eterului nr.19-27, sector 3",OT0009116,8000
Olt,"Siloz ; com. Vlădila , jud. Olt - 0785949836","110 OT0006655 SC AGROMIM PROD SRL , com. Poboru , str. Duzilor , nr.11 , jud. Olt Magazie ; com. Pob",,,"SC ANDREI PRODPAN TRANSCOM SRL , com. Vlădila , str. Teilor , nr. 2 , jud. Olt",OT0006654,650
Olt,"Siloz – Găvănești , jud. Olt , 0721227151","71 OT0004635 SC FRAȚII ROȘCA SRL – BRÂNCOVENI , JUD. OLT Siloz – Brâncoveni , jud/ Olt , 0249418269 ",agronova@losan.ro,,"SC SORMIN IMPEX SRL -  GHERCEȘTI , JUD. DOLJ",OT0004634,800
Olt,"Siloz – Mărunței , jud. Olt 0249467399","Mărunței , jud. Olt primagra@clicknet.ro 57 OT0004617 SC LUPU & LUPU SRL Siloz - Ianca , jud. Olt 02",primagra@clicknet.ro,,SC PRIMAGRA SRL,OT0004616,500
Olt,"Siloz – Potcoava, str. Gării, jud.Olt 0771531523","170 OT01006 SC CEREAL COM DOLJ , Segarcea , jud. Dolj Magazie – com.Mihăeşti, jud.Olt// 0771531523 1",,,"SC CEREAL COM DOLJ , Segarcea , jud. Dolj",OT01005,37000
Olt,"Siloz – Potcoava, str. Gării, jud.Olt/0249438353/ FAX 0249413066","138 OT0009107 AGRICOLA CEREAL SUD , com. com. Izbiceni , str. Podului , nr.54 , jud. Olt Magazie - c",victoriaintermed@yahoo.com,,"SC BRISTOL LOGISTICS SRL , Bucuresti , str. Grigore Gafencu , , nr.9 , sc B , ap.B63 , sect.1",OT0009105,13000
Olt,"Siloz+ Magazie , com. Fărcașele , jud. Olt - 0723868081","107 OT 0006652 SC OSICONS SRL , com. Osica de Sus , str. Morii , nr.11 , jud. Olt Siloz ; com. Osica",,,"SC GALETAN MARPROD SRL , com. Fărcașele , str. Traian , nr.126 , jud. Olt",OT0006651,1150
Olt,"Siloz+ Magazie , com. Tia Mare , jud. Olt - 0748112555","161 OT0009137 SC ARMAN CONSTRUCTION , Tufeni , jud. Olt Magazie - loc. Potcoava , jud. Olt - 0784212",,,"SC JOHN GREEN SRL , Tia Mare , jud. Olt",OT000136,4000
Olt,"Siloz+Magazie – Dobrosloveni , jud. Olt","59 OT 0006685 SC VICTORIA INTERMED SRL , Slatina , str. George Poboran, nr. 8 , jud. olt Magazie – D",,,"SC AGRII ROMÂNIA SRL - com. Ghiroda , , str. Calea Lugojului , nr. 3 , jud. Timiș",OT0009122,7500
Olt,"Siloz- loc. Caracal , jud. Olt - 0769660438","175 OT10012 SC AGROMIL RADU SRL , Bucinișu , jud. Olt Magazie - loc. Bucinișu , jud. Olt - 076651283",,,"SC ALLIONE MAGAZINE SRL , Craiova , jud. Dolj",OT01011,500
Satu-Mare,AF Emili Stefan Andrid nd. 421,RO 18721514,,+40261820482,,SM0002622,
Satu-Mare,AF Rosca Maria Sanislau 1330,RO17309648,,+40261821349,,SM0002576,
Satu-Mare,AGROPORT COMPANY SRL,Vezendiu nr. 295 745524755 181 SM0007843 SAMPAX SRL Sampax SRL 0746672508 2000 x 2000,,,,SM0007842,
Satu-Mare,AISM SRL,Chereusa nr. 231 Chereusa nr. 231 174 SM0007795 PROMAT COMIMPEX SRL Promat Comimpex SRL 70000 47500 ,,,,SM0007793,
Satu-Mare,Agro Radu SRL,"Paulesti, N. Balcescu nr. 60 Paulesti fn 178 SM0007800 ALCEDO 40800 29000 11800 Dep.cereale si magaz",,,,SM0007799,
Satu-Mare,Agropec Dionis SRL,Cetatea de Balta Garii nr. 111 164 SM0007782 Pro Avis SRL Pro Avis SRL Hrip 7000 7000,,,,SM0007781,
Satu-Mare,Agrosincrai Eriu Sincrai nr. 9,nr.187A 152 SM0007769 Acta Line Trans SRL Baia Mare dep. Cereale Giur,,,,SM0007766,
Satu-Mare,Agrotex SRL Carei,Cal. A Romane 81B Apa nr. 566 156 SM0007773 Agrotex SRL Carei Carei str.C-tin Mille 3B 30000 20000 1,,,,SM0007772,
Satu-Mare,Alconor Company SRL,Carei Al.I Cuza nr. 27 Carei B1 158 SM0007775 Alconor Company SRL Alconor Company SRL 4664 4664,,,,SM0007774,
Satu-Mare,Ardealul SA Carei,str. Al.I. Cuza nr. 24 str. Al. I Cuza nr. 24 170 SM0007789 Topagrar SRL Craidorolt 207A Ferma Klara,,,,SM0007788,
Satu-Mare,Campia Careiului Coop.Agricola,"Petresti,str.Piscoltului 68 Carei",,+40746521959,,SM0007786,
Satu-Mare,Chereji SRL Piscolt nr. 911,RO 3568030,,+40261824720,,SM0005151,
Satu-Mare,Codrea Maria-Maruni II,Draguseni str.Pasunii 323B Draguseni 323B 162 SM0007779 Agro Partener SRL Petresti Agro Partener SRL,,,,SM0007778,
Satu-Mare,Ferma Tagu Rosu SRL Odoreu nr.25,"str.Republicii 276,0743944848 150 SM0007764 Topagrar SRL Craidorolt 207A Depozit cereale Craidorolt ",,,,SM0007763,
Satu-Mare,II Suth Sebastian Acas 96,RO 26246573,,+40745042613,,SM0005190,
Satu-Mare,Independent David Mircea Moftin Mic,RO 1731021300034,,+40261875003,,SM0002606,
Satu-Mare,MW TRADE SRL,"Carei,str.M.Viteazu nr. 121A Carei,DN 19 km.19,",,,,SM0007844,
Satu-Mare,Nicu Junior SRL Portita 5,Portita 5 160 SM0007777 SA Terra Sanislau SA Terra Sanislau 2000 2000,,,,SM0007776,
Satu-Mare,PROMAT COMIMPEX SRL,str. Infratirii nr. 112 Chereusa fn 176 SM0007797 PROMAT COMIMPEX SRL Promat Comimpex SRL 10000 x 10,,,,SM0007796,
Satu-Mare,SA Agrofieni Foieni,"Ciumesti nr. 434, RO 2387281 Ciumesti 434, 0261874615 10 SM0002556 SC Konig Muhle SRL Sanislau SC Ko",,,,SM0002555,
Satu-Mare,SA Agrospic Apa ferma zootehnica,RO 3569508,,+40261843125,,SM0005167,
Satu-Mare,SA Alfa Beltiug,str.Principala 54,,+40261787600,,SM0002612,
Satu-Mare,SA Forum Camin nr. 29,RO 665870,,+40261872706,,SM0002596,
Satu-Mare,SA Gloria Resighea nr. 240,RO 648984,,+40261824654,,SM0002628,
Satu-Mare,SA Infratirea Carei nr. 81,RO 2826972,,+40261865291,,SM0005155,
Satu-Mare,SA Krasnatal Capleni nr. 185,RO 5674046,,+40261873143,,SM0002631,
Satu-Mare,SA Petresti,RO 648410 str.Vezendiu fn/ 0261820096 22 SM0002569 SC Abo Mix SRL Satu Mare SC Abo Mix SRL Satu Mare,,,,SM0002567,
Satu-Mare,SA Recolta Urziceni,"str.Principala 438, RO 2387672 str.Principala 438/0261874390 12 SM0002558 SA Infratirea Carei SA Inf",,,,SM0005171,
Satu-Mare,SA Renasterea Pir nr. 45,RO 644150,,+40261821713,,SM0002603,
Satu-Mare,SA Viitorul Sanislau nr. 562,RO 648773,,+40261821216,,SM0002592,
Satu-Mare,SC Agreban SRL Ciumesti 122,RO 18186918,,+40745155209,,SM0007745,
Satu-Mare,SC Agricola SRL Tiream 311 A,RO 29478891,,+40261873690,,SM0005164,
Satu-Mare,SC Agro Badar SRL SM str.Ratu Mare 29,RO 22161040,,+40745615530,,SM0005157,
Satu-Mare,SC Agro Radu SRL Paulesti 60,RO 15999312,,+40727710106,,SM0005177,
Satu-Mare,SC Agro Sancrai SRL Eriu Sancrai 9,"RO 12322947 Sancrai nr.9,",,+40744789417,,SM0005162,
Satu-Mare,SC Agrodin SRL Dindesti,RO 6851561,,+40261879210,,SM0002657,
Satu-Mare,SC Agroindustriala SA Carei,f.Ianculesti RO 646436 f.Ianculesti /0261863404 28 SM0005181 SC Agroindustriala SA Carei SC Agroindu,,,,SM0005182,
Satu-Mare,SC Agromec SA Foieni str.Principala 444,RO 8173201,,+40261874611,,SM0002583,
Satu-Mare,SC Agroradu SRL Paulesti,Caraseu 146 SM0007759 SC Fructus Prod SRL Halmeu Halmeu 900 900,,,,SM0007758,
Satu-Mare,SC Agroradu SRL Paulesti nr. 18,154 SM0007771 Agrotex SRL Carei Agrotex SRL 10000 10000,,,,SM0007770,
Satu-Mare,SC Agrosem SA Satu Mare,str.Depozi,,,,SM0002543,
Satu-Mare,SC Amper SRL Carei nr. 23,RO 642531,,+40261873832,,SM0002659,
Satu-Mare,SC Amper SRL Carei nr. 93,RO 642531,,+40261873832,,SM0005153,
Satu-Mare,SC Amper SRL Carei str.Vezendiului,RO 642531 124 SM0007723 SC Amper SRL Carei str.Vezendiului Andrid nr. 185 200 200,,,,SM0007722,
Satu-Mare,SC Angeloti SRL Piscolt str.DN 19,RO 5886782,,+40261824670,,SM0007733,
Satu-Mare,SC Ardealul Trandind SRL Carei,"str.Cuza Voda 24, RO 22340771 str.Magnoliei nr.30/0261861011 76 SM0002670 SC H&M Company SRL, Negres",,,,SM0002668,
Satu-Mare,SC Bristor Logistics SA,Bucuresti str. G. Gafencu nr. 9 148 SM0007762 Unicom Tranzit SA PL Halmeu 1000 1000,,,,SM0007760,
Satu-Mare,SC Brut Kathleen SRL Sanislau 562,RO 25414822,,+40261811250,,SM0005184,
Satu-Mare,SC Brutkathleen SRL Sanislau,RO 25414822,,+40740603665,,SM0007740,
Satu-Mare,SC CIT SA Santau str.Dorobantilor 1,RO 671901 str.Dorobanrilor 1/ 0261825980 14 SM0002560 SC Comcereal SA Satu Mare SC Comcerea SA Odore,,,,SM0002559,
Satu-Mare,SC Chereji SRL Piscolt nr. 911,RO 3568030,,+40722491763,,SM0002672,
Satu-Mare,"SC Chereji SRL,","Piscolt str.Unirii nr. 911,RO 3568030 str.Unirii nr. 911,0261824720 1800 1800 2 SM0002542 SC Angello",,,,SM0002541,
Satu-Mare,SC Comcereal SA Satu Mare,"str.Luceafarului 28, RO 8308287 str,Bucuresti 75, 0261768556 16 SM0002562 SC Comcereal SA Satu Mare ",,,,SM0002561,
Satu-Mare,SC Comcereal SA Satu Mare,"str.Luceafarului 28, RO 8308287",,+40261825869,,SM0002563,
Satu-Mare,SC Comcereal SA Satu Mare,"str.Luceafarului 28, RO 8308287",,+40261821210,,SM0002565,
Satu-Mare,SC Crypton PMV SRL Satu Mare,"str..Russo 33, RO 23057642 128 SM0007730 SC Gama&Gama SRL Culciu Mare 134C SC Gama&Gama SRL Culciu 7",,,,SM0007728,
Satu-Mare,SC Euro Crispan SRL Tasnad M.Eminescu,"nr. 19, RO 16771427 nr.211,",,+40744342006,,SM0005160,
Satu-Mare,SC Euro Crispan SRL Tasnad M.Eminescu,"nr. 19, RO 16771427 126 SM0007725 SC Ast Agro SRL Irina str.Scolii 225 Dindesti 393, 3000 3000",,,,SM0007726,
Satu-Mare,SC Faner Agro SRL Capleni,RO 16654672,,+40261873100,,SM0005149,
Satu-Mare,SC Gardo Agro SRL Andrid nr. 72,RO 25055133,,+40766334750,,SM0002678,
Satu-Mare,SC Germ Agtitiag SRL Tiream 303A,"RO 25812216 nr. 303A ,",,+40784553321,,SM0005192,
Satu-Mare,SC Grain Express SRL Oradea str.,"Nufarului 29, RO 9515361 str.AI Cuza 21, 0359800658 122 SM0007721 SC Amper SRL Carei str.Vezendiului",,,,SM0005197,
Satu-Mare,SC Impex SRL Pitesti str.Soimoseni 30,"RO 132931 str.Soimoseni 30,",,+40261768095,,SM0002644,
Satu-Mare,SC Loloka SRL Sanislau nr. 963,"RO 13792514 fost CAP ,",,+40261821600,,SM0002594,
Satu-Mare,SC MW Trade SRL Carei M.Viteaza 121A,ferma Spitz DN 19 144 SM0007757 SC Agroheveli 2018 SRL loc. Capleni 1000 1000,,,,SM0007755,
Satu-Mare,SC Maltberg Industry SRL Negresti Oas,"str.11 Iunie nr. 15, RO 14791525 str.Soimoseni nr.30, 0261750773 86 SM0005146 SC Euro Crispan SRL Ta",,,,SM0005144,
Satu-Mare,"SC Managra SRL SM,str.Botizului 5/1",RO 7357796,,+40721290940,,SM0005188,
Satu-Mare,SC Mircea Blaga SRL str.A.Vlaicu 69,RO 3568065,,71601056,,SM0002624,
Satu-Mare,SC Mobipan SA Satu Mare.str.Careiului 14,"RO 643120 str.Ecoului 30, 0261861182 100 SM0005159 SC Agrind SA Tasnad str.Infratirii 147 SC Agrind ",,,,SM0002599,
Satu-Mare,SC Nadoroc Prod Com SRL Baia Mare,"Mediesu A.757, RO 6551629 Mediesu A.757/0261842160 24 SM0002575 SC Amper SRL Carei str.25.Oct.23 SC ",,,,SM0002571,
Satu-Mare,SC Nord Stern Beverage Industries,"Livada, RO 666697 Industries Livada, 0261770270 84 SM0005141 SC Konig Muhle SRL SC Konig Muhle SRL S",,,,SM0002680,
Satu-Mare,SC PROMAT COMIMPEX SRL,Tasnad str. Infratirii nr. 112 Lazuri nr. 1065 261825370,,,,SM0007841,
Satu-Mare,SC Pritenia Tiream,RO 4376327,,+40726107282,,SM0007738,
Satu-Mare,SC Pro Avis Botiz,RO 7441160,,+40261770305,,SM0002635,
Satu-Mare,SC Promat Com Impex SRL Tasnad,"str.Infratirii nr. 112 Tasnad, str. Infratiri nr. 112 8 SM0002553 SC Ave Impex SRL Satu Mare SC Ave ",,,,SM0002552,
Satu-Mare,SC Ro Comix SRL Carei str.1 Decembrie,"nr.5, RO 4961282 C.A.Romane 102, 0261865723 36 SM0002585 SC Soco Agro SRL Andrid nr. 194 SC Soco Agr",,,,SM0002584,
Satu-Mare,SC Samavia SRL Mediesu Aurit 1,RO 18437211,,+40747225566,,SM0005175,
Satu-Mare,SC Sammills Europe SRL Botiz,"str.Mioritei 151, RO 36237300",,+40261806031,,SM0007743,
Satu-Mare,"SC Sampax SRL Satu Mare, Dr.Carei 160",142 SM0007753 SC Danina Bio Agrar SRL SC Danina Bio Agrar SRL Botiz 6000 6000,,,,SM0007750,
Satu-Mare,SC Schamagosch Ciumesti nr. 50,RO 648739 nr.50,,+40261821205,,SM0002588,
Satu-Mare,SC Schamagosch Ciumesti nr.56,RO 648739,,+40261821205,,SM0002662,
Satu-Mare,SC Segal CO SRL Satu Mare UH10/5,RO 9064237 ferma Satmarel 80 SM0005180 SC Agroport Company SRL Tasnad SC Agroport Company SRL 8000 5,,,,SM0005168,
Satu-Mare,SC Techno Const. Stile SRL SM,"str.Floare de Colt 22/1,RO 26956139 f. Mihaieni 1,0729034984 114 SM0005187 SC Solenagria SRL Baia Ma",,,,SM0005186,
Satu-Mare,SC Tibi ET Zoli Prod Com Carei,"str.Ecoului 30, RO 26125652 str.Ecolului 30, 0745651741 130 SM0007732 SC Larisch SRL Berveni nr. 187",,,,SM0007731,
Satu-Mare,SC Tober Agro SRL Simleul Silvaniei,"str.Closca 37A, RO 14063017",,+40260676684,,SM0005170,
Satu-Mare,SC Top Agrar Craidorolt 207,RO 15268789 66 SM0005169 SC Ruagne SSY SRL SM SC Ruagne SSY SRL Satu Mare 300 300,,,,SM0002653,
Satu-Mare,"SC Turisor SRL Tur,Negresti Oas,str.","Bogdan Voda 14, RO 1679478",,+40261856028,,SM0002619,
Satu-Mare,SC Unirea SA Tiream str.Vezendiului,nr.311 A/ RO 3657782,,+40261873608,,SM0005193,
Satu-Mare,SC Veres Agro Prod Com SRL Piscolt,"str.Victoriei 853, RO 6333560 Piscolt/0261824621 30 SM0002641 SC Lorella SRL Carei.C.A.Romane 76 SC ",,,,SM0002580,
Satu-Mare,SCDA Livada str.Baia Mare nr. 7,RO 644346,,+40261840001,,SM0002666,
Satu-Mare,Sammills International SA,"Botiz str.Mioritei 151 Botiz 151,",,+40261806031,,SM0007783,
Tulcea,"Baza Ceamurlia de Jos, email:agromexsa@yahoo.com","44 TL0003147 S.C Necmar SRL,Peceneaga, fax 0240577142 Magazie cereale,Peceneaga 1500 1500 45 TL00031",,+40745485648,"S.C Indagro Holding SA,Orastie,Jud HD,str.Luncii,nr.6,fax.0254244407",TL0003146,8000
Tulcea,"Baza de receptie Casimcea,tel.0240576720","11 TL0003088 S.C AMP Tornea SRL, Braila,str.Rosiorilor nr.43,bloc C6,SC.1,AP.8,",amptornea@yahoo.com,+40240573368,"S.C Comcereal SA,   Tulcea,str.Isaccei, nr.73,et3,           tel.0240534061,fax 0240534069",TL0003083,8000
Tulcea,"Baza de receptie M.Kogalniceanu,tel. 0240563003            email:comcereal_tulcea@yahoo.com","8 TL0003078 S.C Comcereal SA, Tulcea, str. Isaccei,nr.73,et 3,",,+40240534061,"S.C Comcereal SA ,Tulcea,str.Isaccei,nr.73,et3,           tel.0240534061,fax 0240534069",TL0003076,22000
Tulcea,"Complexul km4,sos.Tulcea-Murighiol,  km 4,tel.0240505101,fax.0240516557","5 TL0003073 SCPC Tulcea,sos Agighiol,km.8",scpctl@yahoo.com,+40240549510,"S.C Carniprod SRL,                                  sos Tulcea-Murighiol, km 4-5, tel 0240505100,fax. 0240517258",TL0003071,18400
Tulcea,Magazie cereale,90 TL0008646 SC VESAD AGRO INVEST SRL,,+40723347127,SC BRISEGROUP SRL  0751519939,TL0008644,4000
Tulcea,"Magazie cereale ,Isaccea,str.Victoriei nr.242","84 TL0008638 SC GAMALEX IMPEX SRL ,",,+40723561907,"SC AGRITOM SRL,tel. 0745820758",TL0008637,220
Tulcea,"Magazie cereale ,sat Traian,Com.Cerna     0748031465","81 TL0008635 SC AGRITOM SRL,",,+40745820758,SC SARA TOM COMPANY SRL,TL0008630,2500
Tulcea,"Magazie cereale,                                     sat Caucagia,Com.Baia","66 TL0003191 SC Tei Com SRL 0755151452 Magazie cereale, ,Com.Niculi",,1600160067,S.C Simco Impex SRLtel.0766439754,TL0003190,2500
Tulcea,"Magazie cereale, Sos.Agighiol Km.8",63 TL0003188 S.C Ceresan SRL,,+40765518020,PFA Vriscu Tania Camelia tel.0762677210,TL0003182,300
Tulcea,"Magazie cereale, Turda,M. Bravu","47 TL0003154 S.C Cristian Impex srl Tulcea,",,+40240531100,"S.A Clorofila ,Turda,M. Bravu,              tel .0240561284",TL0003150,1000
Tulcea,"Magazie cereale,Baia","51 TL0003161 S.C Mergeani Anid SRL, com.M.Kogalniceanu,",,+40752240492,"S.C Agrostef SRL,com.Baia,tel. 0744652260",TL0003158,1100
Tulcea,"Magazie cereale,Com.M.Bravu,        tel. 0744126293","114 TL0008686 SC ALSAGRO FARM SRL Magazie cereale,Com.Ciucurova,",,+40732405091,SC ALSAGRO FARM SRL,TL0008685,2000
Tulcea,"Magazie cereale,Com.M.Kogalniceanu","54 TL0003167 S.C Ningea SRL, com.M.Kogalniceanu,",,+40240519887,"S.C George SRL, com.M.Kogalniceanu,tel. 0748013450",TL0003165,1500
Tulcea,"Magazie cereale,Com.M.Kogalniceanu","60 TL0003176 S.C Tumult Grup SRL,",,+40740334207,"S.C Panmetal SRL,tel 0751865170",TL0003175,2500
Tulcea,"Magazie cereale,Daeni","142 TL0008220 SC BIOCHEM ORGANICS SRL Magazie cereale,Lunca ,Ceamurlia de jos,",,+40799099608,SC AGROBIA RODNIC SRL,TL0008219,2500
Tulcea,"Magazie cereale,Frecatei","139 TL0008217 PFA STANCU ZICA Magazie cereale,Daeni 5500 5500 140 TL0008218 PFA STANCU VASILE Magazi",,,"S.C Vitisad SRL,com.Frecatei,tel. 0744324271",TL0008216,4000
Tulcea,"Magazie cereale,Loc.Colina","57 TL0003172 SA Parches ,",,+40748869977,"S.C Agrotib SRL,tel. 0721743004",TL0003171,1000
Tulcea,"Magazie cereale,Loc.Turda com.M.Bravu","166 TL0008246 SC FABRICA DE SANATATE SRL Magazie cereale,Loc.Baia,str.Republicii nr.62 A 9000 9000 1",,,SC SAMTORI AGRO SRL,TL0008245,3600
Tulcea,"Magazie cereale,Sarighiol de Deal,Beidaud",93 TL0008651 SC AGRO MITA SRL,,+40742425618,"PFA CULINA MIHAI; tel.0724081844,com.Beidaud",TL0008649,600
Tulcea,"Magazie cereale,Sat Plopu,Com.Murighiol","69 TL0003194 SA V.Nucarilor,",,+40751049354,SC Agrocom Miron SRL 0743351787,TL0003193,600
Tulcea,"Magazie cereale,com .M.KOGALNICEANU;","108 TL0008676 SC DELTA-ROM AGRICULTURE SRL Magazie + Silozuri,Chilia Veche,",,+40747130715,"SC PRESCOM SRL,tel.0744778878",TL0008675,2150
Tulcea,"Magazie cereale,com Daeni","87 TL0008641 SC AMEROPA GRAINS SA ,",,+40744695019,SC SORMAR ATERP SRL,TL0008640,1000
Tulcea,"Magazie cereale,com Murighiol;         tel. 0723965086","105 TL0008671 SC AGROZYC CEREALE SRL Magazie cereale,com. M.KOGALNICEANU;",,+40723510654,SC MITI GEO SRL,TL0008670,3000
Tulcea,"Magazie cereale,com.Beidaud","151 TL0008229 I.I,.MIRICA DUMITRU Magazie cereale,com.Topolog;0722502928 1500 1500 152 TL0008230 SC ",,,PFA  CAMARA NICULINA,TL0008228,800
Tulcea,"Magazie cereale,com.Daeni;Sos.Tulcei ;nr.56","145 TL0008223 RUSU ION AGRO PFA Magazie cereale,com.Daeni;Str.Agromec ;nr.8 1000 1000 146 TL0008224 ",,,RUSU AUREL AGRO PFA,TL0008222,1000
Tulcea,"Magazie cereale,com.Peceneaga:T21:P184","148 TL0008226 PFA TILINCA RADU GHEORGHE Magazie cereale,com.Casimcea Str.Ocolului.nr.23A 2000 2000 1",,,SC BALTA STAR SRL,TL0008225,3900
Tulcea,"Magazie cereale,com.Sarichioi,sat Zebil.","96 TL0008655 TODICA DUMITRU AGRICULTURA PFA,",,+40724514607,"SC MINIFARM AGRICULTURA SRL ,tel.0755880781",TL0008654,1500
Tulcea,"Magazie cereale,com.V.Nucarilor","99 TL0008658 SC MALBORAKIS IMPEX SRL,",,+40744486122,SC AGROMEC MAHMUDIA SA,TL0008657,4000
Tulcea,"Magazie cereale,loc.Razboieni ,com. Casimcea","160 TL0008238 SC PREST GEO DAN SRL Magazie cereale,Sos.Tulcea -Agighiol Km.8,0722769779 147000 14700",,+40742002414,PFA BUSU ZOITA,TL0008237,2000
Tulcea,"Magazie cereale,sat Balabancea,Com.Hamcearca","72 TL0003197 SC Nalba SRL ,Baia,Str.Unirii,nr.1,0240564670 Magazie+Siloz,Baia,Str.1Decembrie,nr.112 ",,,SC Criviadis SRL0745089004,TL0003196,1600
Tulcea,"Magazie cereale,sat Lastuni,Com. M.Kogalniceanu","78 TL0008628 I.I. FIODOR FLORENTIN 0749454417 Magazie cereale,sat Mircea Voda,Com.Cerna 1000 1000 79",,+40749995530,"SC DENISCOM SRL ,tel.0723510654",TL0008627,1500
Tulcea,"Magazie cereale,sat Salcioara,com.Jurilovca,tel.0754218655",120 TL0008695 SC LANMID STL,,+40744332317,SC CEREALE COLECT  DISTRIBUTION SRL   tel. 0744332317,TL0008694,8000
Tulcea,"Magazie cereale,sat Sarighiol de Deal,com.Beidaud","102 TL0008665 SC DELTANAV SA ,",,+40783105010,I.I.PACEA OCTAVIAN,TL0008660,1500
Tulcea,"Magazie cerealeCom.Sarichioi ,sat Enisala,tel.0741605769","117 TL0008689 SC ABCDD CEREL TRADING SRL Magazie cereale punct lucru Babadag ,str.Ciucurovei,nr.16,",,+40741605769,SC ABCDD CEREL TRADING SRL,TL0008688,7500
Tulcea,"Magazie+Siloz,Com.Sarichioi","75 TL0008624 SC SERMAR 2000 SRL 0745114669 Magazie cereale ,Com.Ciucurova 400 400 76 TL0008625 SC GE",,,"SC TRANSMETEORITSRL, Com.Sarichioi,tel,0745799523",TL0003199,11000
Tulcea,"Magazie+siloz,Sos. TL-Mahmudia  km4-5;0748226141","157 TL0008235 SC TOLIL COMPANY SRL Magazie+siloz, com. Baia;Sos.Europeana km.75 ;0747227797 74000 24",,+40756839509,SC CONSTANT PROD SRL,TL0008234,25000
Tulcea,"S.C Acvila SRL,Ferma 2,Smardan,       email:sc.acvila.srl@cliknet.ro","38 TL0003135 S.C Agroschinau SRL, Smardan,",,+40723318534,"S.C Acvila SRL,Macin,str.1 Decembrie,bl.18,parter,                        tel 0240573101, fax0240573107",TL0003134,2000
Tulcea,"S.C Agromec Mahmudia SA, Mahmudia,                                                     email:mahmudia_agromec@yahoo.com","23 TL0003108 SA Spicul Zebil ,Zebil,",,+40240563412,"S.C Agromec Mahmudia SA, Mahmudia,tel.0240545241, fax.0240545541",TL0003106,520
Tulcea,"S.C Agrozem SRL, Cataloi, tel. 0240550333","14 TL0003096 S.C Veritas SA,",,+40745252916,"S.C Agrozem SRL, Cataloi,tel.0744342005",TL0003093,1200
Tulcea,"S.C Cilic Pan SRL,Frecatei","32 TL0003124 S.C Agricola ASM SRL,M Kogalniceanu,",agricolaasm@yahoo.com,+40740153985,"S.C Cilic Pan SRL,Telita,tel 0722233286",TL0003123,100
Tulcea,"S.C Concret SRL,Tulcea,sos. Tulcea-Murighiol,km 4-5,","17 TL0003099 S.C Veritas SA,",,+40745252916,"S.C Concret SRL,Tulcea,sos. Tulcea-Murighiol,km 4-5,tel 0740360573",TL0003098,150
Tulcea,"S.C Estic Dumicris SRL,incinta siloz Cataloi email:estic_barba@yahoo.com","20 TL0003103 S.C Euxin Impex SRL,Sarighiol de Deal,",,+40723141289,"S.C Estic Dumicris SRL, Tulcea,str,Babadag,Bloc 21,parter,tel. 0240532426",TL0003102,5000
Tulcea,"S.C Nur SRL,Lastuni","29 TL0003119 S.C Comrica SRL, M.Kogalniceanu,",acasam_masaca@yahoo.com,+40722644348,"S.C Nur SRL,Lastuni,tel.0744887599",TL0003118,2000
Tulcea,"S.C Panidas Company SRL,Ferma 4,Smardan","41 TL0003140 S.C Paviserv SRL,Bestepe,",,+40240545351,"S.C Panidas Company SRL, Macin,str.Maior Sontu,nr.9,fax.0240572497",TL0003138,1500
Tulcea,"S.C Vulcomet Serv SRL,Topolog","35 TL0003132 S.C Lord SRL, Smardan,",,+40740165976,"S.C Vulcomet Serv SRL, Topolog,tel.0722110506, tel.0240568064",TL0003131,400
Tulcea,Siloz cereale  comuna Baia;0742145050,"154 TL0008232 RUCAREANU VICTORIA AGRO PFA Mgazie cereale ,com.Daeni;0724569559 800 800 155 TL0008233",,,SC HOLDER TRADE SRL,TL0008231,4500
Tulcea,"Siloz cereale, Babadag str.Ciucurovei nr.13,tel.0240548070","111 TL0008679 SC AMRIS MSM SRL Magazie cereale,com.Baia,loc.Ceamurlia de sus, 0724261134 1200 1200 1",,+40722928288,SC DELTANAV SRL,TL0008678,44000
Tulcea,"Silozuri  cereale,loc.Randunica,com.M.Kogalniceanu ,tel.0723177576","163 TL0008243 SC ONEA SRL Magazie cereale,Loc. Ostrov,str.Inv.Gheorghe Vladescu ,nr.59 1000 1000 164",,,SC BIANCA DOR SRL,TL0008242,1000
Tulcea,"Silozuri-loc. Lunca,Com.Ceamurlia de jos,tel.0744144442","130 TL 0008206 COVATA HRISTI PFA MAGAZII-Ceamurlia de sus,Com.BAIA-",,+40765731333,SC BIOCHEM ORGANICS SRL,TL0008205,10000
Tulcea,Soc Agricola Gloria Agighiol,"26 TL0003113 S.C Agropav SRL ,Tulcea,str.Isaccei,nr.15,bl.I5A-I5B,SC.A,AP.2,",fanicapavel@yahoo.com,+40240517249,"Soc Agricola Gloria Agighiol,Agighiol,tel 0740081191",TL0003112,1000
Tulcea,"Turda Moara ,com.M.Bravu                 email:prodpanturda@yahoo.com","2 TL0003068 Soc Agricola Mixta Bestepe,Bestepe,fax 0240545340 Magazie, Bestepe 2100 2100 3 TL0003069",,,"SC PRODPAN SRL,                             Turda ,com.M.Bravu tel.0240561215",TL0003061,1300
