name,type,categories,coverage,moq,terms,cold_chain,notes
Aquila,distributor,"FMCG dry, beverages, coffee, snacks, non-food, pet",national (own fleet + 20+ warehouses),verify with vendor,"30-60d est, listing/logistics fees - verify",ambient + some chilled,e-Factura ready (listed company),"BVB-listed (AQ); largest RO independent FMCG distributor; own logistics arm. Competitor risk LOW (no producer offtake conflict for our RO core)."
Macromex,distributor,"frozen + chilled: fish/seafood (Edenia), ice cream, frozen veg/fruit, meat",national,verify with vendor,"30-60d est - verify",full frozen + chilled cold chain,e-Factura ready,"Market leader frozen/chilled RO; owns Edenia/La Strada brands. BEST route for fish/seafood + frozen long-tail."
Interbrands Orbico,distributor,"branded FMCG, coffee, confectionery, personal care, household, beverages",national,verify with vendor,"30-60d est - verify",ambient + chilled,e-Factura ready,"Orbico group (largest CEE distributor) absorbed Interbrands. Strong branded portfolio incl. coffee/cocoa/household."
Whiteland,distributor,"FMCG dry, confectionery, beverages, non-food",national,verify with vendor,"30-60d est - verify",ambient,e-Factura ready,"Large RO distributor; broad dry-grocery + non-food coverage."
Parmafood,distributor,"deli, cheese, charcuterie, olive oil, Italian/Mediterranean specialty, olives",national,verify with vendor,"30-60d est - verify",chilled (deli),e-Factura ready,"Specialist in Italian/Mediterranean deli + olive oil + olives. BEST route for olive oil/olives/pasta specialty."
TGIE (Transilvania General Import Export),distributor/importer,"groceries, canned, dry goods, beverages, some HoReCa",national (Cluj-based),verify with vendor,"30-60d est - verify",ambient,e-Factura ready,"Importer + distributor; pasta/rice/canned/dry exotic goods. Good for dry exotic long-tail."
Metro Cash & Carry,cash&carry,"full-range: produce incl. citrus/tropical/banana, fish/seafood counter, coffee, dry goods, olive oil, non-food",national (~30 stores),"none (single-unit purchase)","cash/card or Metro credit account (~14-30d for registered biz)",full (fresh/chilled/frozen on site),e-Factura ready,"PRIMARY launch route for single pilot. Low volume, no MOQ, immediate. Weakest margin (retail-minus-pro markup). HoReCa account needed."
Selgros,cash&carry,"full-range incl. citrus/tropical, fish counter, coffee, dry/exotic, non-food, household",national (~20 stores),"none (single-unit purchase)","cash/card or account terms - verify",full (fresh/chilled/frozen),e-Factura ready,"Secondary cash&carry; price-compare vs Metro per category. Good backup + non-food/household top-up."
Direct import (own),importer,"citrus/coffee at scale once multi-store",national (self-operated),"container/pallet-level - high",importer pays customs + ANSVSA + FX,self-arranged (reefer for fresh),must self-issue e-Factura,"NOT viable for 1 pilot. Becomes viable at ~5-8 stores / pallet-week volume per category. Best margin but needs customs + ANSVSA import authorization + working capital."
